genome	coverage	breadth	nucl_diversity	length	true_scaffolds	detected_scaffolds	coverage_median	coverage_std	coverage_SEM	breadth_minCov	breadth_expected	nucl_diversity_rarefied	conANI_reference	popANI_reference	iRep	iRep_GC_corrected	linked_SNV_count	SNV_distance_mean	r2_mean	d_prime_mean	consensus_divergent_sites	population_divergent_sites	SNS_count	SNV_count	filtered_read_pair_count	reads_unfiltered_pairs	reads_mean_PID	divergent_site_count	reads_unfiltered_reads
GCA_000615245.1_ASM61524v1_genomic.fna	0.000360155551762	0.0001778630066412		2934843.0	63.0	2.0	0	0.0299920083507201	1.754476110692842e-05	0.0	0.0003179667900478		0.0	0.0		False					0.0	0.0	0.0	0.0	4	14	0.9424985705143204	0.0	83
GCA_001311745.1_ASM131174v1_genomic.fna	0.0007142334700115	0.0003681080167211		2501983.0	141.0	3.0	0	0.0423925675880422	2.6953117754815848e-05	0.0	0.0006304693246605		0.0	0.0		False					0.0	0.0	0.0	0.0	7	14	0.9629885057471264	0.0	106
GCA_001311765.1_ASM131176v1_genomic.fna	0.3667754398105758	0.0237545343395548	0.0073671053940741	2025929.0	114.0	35.0	0	4.153274373983761	0.0029345145801326	0.0150286609254322	0.276650458203164	0.0160787584944751	0.978749958945052	0.9836108647814236		False	1077.0	92.04085422469824	0.4664836048503627	0.990080122061882	647.0	499.0	489.0	509.0	2727	4335	0.961449634398534	998.0	10013
GCA_001435375.1_ASM143537v1_genomic.fna	0.7911578856037385	0.0438330109038554	0.0036168071592873	1475258.0	31.0	20.0	0	10.53140311199509	0.0086889422986438	0.0198277182702957	0.502715217011247	0.0013395991245599	0.976240128542614	0.9782913404669924		False	135.0	74.97777777777777	0.650821827431779	0.984408015818308	695.0	635.0	633.0	182.0	4295	6389	0.9526278602797004	815.0	14600
GCA_002299975.1_ASM229997v1_genomic.fna	1.1874984775240551	0.1207321324323075	0.0040954603905926	1190495.0	150.0	95.0	0	5.376972704568284	0.0049913311275459	0.0745799016375541	0.6495583825298523	0.0007902308017428	0.9748611846328854	0.9770349262842534		False	405.0	81.11111111111111	0.4622886731401244	0.9921525792215448	2232.0	2039.0	2033.0	659.0	5178	17858	0.9267964659973674	2692.0	45649
GCA_002418005.1_ASM241800v1_genomic.fna	0.0002469766190566	0.0002469766190566		2040679.0	99.0	1.0	0	0.01579032068811	1.1107617146770274e-05	0.0	0.000218056576835		0.0	0.0		False					0.0	0.0	0.0	0.0	2	2	0.9948275862068964	0.0	9
GCA_003666485.1_ASM366648v1_genomic.fna	0.0009528348370106	0.0005130649122365		3097074.0	5.0	2.0	0	0.0473183374690812	2.689204821649191e-05	0.0	0.0008409993227508		0.0	0.0		False					0.0	0.0	0.0	0.0	12	41	0.9429982083677944	0.0	182
GCA_004556255.1_ASM455625v1_genomic.fna	1.2890670692082746	0.1622197552258204	0.0050369717086417	1477280.0	211.0	149.0	0	9.38019386813292	0.0078302190165078	0.0682362179140041	0.6796195945274903	0.0006927744035139	0.9771834451013848	0.9802785603745884		False	691.0	75.21707670043415	0.4990931339880335	0.977249436461124	2300.0	1988.0	1973.0	934.0	7003	9229	0.9647043730410012	2907.0	20426
GCA_009809575.1_ASM980957v1_genomic.fna	0.0013457673030305	0.0005957506839207		1970623.0	6.0	2.0	0	0.059611599238608	4.247773787098099e-05	0.0	0.0011876067648268		0.0	0.0		False					0.0	0.0	0.0	0.0	11	23	0.9438606749663504	0.0	502
GCA_014651235.1_ASM1465123v1_genomic.fna	0.0065129017800556	0.000781742284616	0.0016446875240151	1648881.0	58.0	3.0	0	0.2915744895580692	0.0002278704686963	0.0005173205343502	0.0057343875449538	0.0	0.9906213364595544	0.9906213364595544		False					8.0	8.0	8.0	0.0	39	46	0.973175287356322	8.0	112
GCA_900112995.1_IMG-taxon_2597490368_annotated_assembly_genomic.fna	0.0027621162026758	0.0011826485720015	0.0010062893481624	2817405.0	50.0	7.0	0	0.0940770502302443	5.614760481380111e-05	0.0001693047325464	0.0024359767883377	0.0	0.9895178197064988	0.9916142557651992		False					5.0	4.0	4.0	1.0	34	470	0.9430669682532536	5.0	9036
GCA_900557215.1_UMGS2022_genomic.fna	2.7158196900933937	0.618481648329773	0.0026421782109206	1195586.0	44.0	43.0	2	3.395316831729153	0.0031166948411603	0.2370260274041348	0.9091066816819536	0.0	0.983383030153325	0.9843463838947016		False	65.0	72.32307692307693	0.4563648526208858	1.0	4709.0	4436.0	4427.0	1024.0	11920	13411	0.9756759268371322	5451.0	28054
GCF_000014425.1_ASM1442v1_genomic.fna	0.096771996874934	0.009130260351781	0.0014952451226164	1894360.0	1.0	1.0	0	1.8574748038892157	0.0013496299755739	0.0030062923625921	0.0819006531435295	0.0012747126406637	0.9952589991220367	0.9952589991220367		False	1.0	50.0			27.0	27.0	27.0	11.0	678	759	0.986434058248187	38.0	1752
GCF_000014445.1_ASM1444v1_genomic.fna	0.0011870333944674	0.0002153425029735	0.0041101194030541	2075763.0	2.0	1.0	0	0.0909814486809489	6.315473504705355e-05	0.0001334449067643	0.0010476013694622	0.0	0.981949458483745	0.985559566786996		False					5.0	4.0	4.0	1.0	9	9	0.98544061302682	5.0	29
GCF_000016825.1_ASM1682v1_genomic.fna	2.1055236550181085	0.2767648620886589	0.0054359967222379	1999618.0	1.0	1.0	0	10.280501334819922	0.0072704719563709	0.1403443057624006	0.8441992586762073	0.0113996872148851	0.9890640868031428	0.9913517558394356		False	2192.0	92.76003649635037	0.2271273684720763	0.9648833005214482	3069.0	2427.0	2408.0	2754.0	15516	17008	0.9815226237934316	5162.0	36158
GCF_000092505.1_ASM9250v1_genomic.fna	0.0085608103961057	0.0003811042698427	0.0043687995317646	2101787.0	6.0	1.0	0	0.4941368370540171	0.0003409392470288	0.0003535087047355	0.0075306967155632	0.0	0.9946164199192464	0.9959623149394348		False					4.0	3.0	3.0	2.0	65	67	0.94991972997786	5.0	154
GCF_000146325.1_ASM14632v1_genomic.fna	0.0021597393900743	0.0008214833333075	0.0053038674494179	1942827.0	4.0	1.0	0	0.0876948363670919	6.292837282228001e-05	0.0001863264202113	0.0019052326171985	0.0	0.9944751381215464	0.9944751381215464		False					2.0	2.0	2.0	2.0	16	41	0.937589472537642	4.0	1510
GCF_000159215.1_ASM15921v1_genomic.fna	0.0316046288038864	0.006431691398791	0.0069783513186561	1867005.0	74.0	13.0	0	0.5879882022500823	0.0004320402446529	0.0020926564203095	0.0275210872127021	0.0	0.9695418479651904	0.9731251599692856		False	1.0	200.0	0.0157894736842104	1.0	119.0	105.0	104.0	45.0	218	282	0.975952497926351	149.0	790
GCF_000159315.1_ASM15931v1_genomic.fna	0.0052457903028953	0.0002973129014321	0.006739678412256	2721039.0	113.0	1.0	0	0.3995999000240486	0.0002432591298243	0.0002087437923528	0.0046213215181291	0.0	1.0	1.0		False	2.0	90.0	1.0000000000000002	1.0	0.0	0.0	0.0	7.0	53	55	0.9500308778858306	7.0	143
GCF_000159355.1_ASM15935v1_genomic.fna	0.7387552590593985	0.2715682513722277	0.0027313922391237	1780499.0	32.0	8.0	0	1.8545116815356977	0.0013923254774301	0.0410564678778252	0.4791644310940348	0.0	0.993078070067441	0.9940903681208192		False	41.0	76.09756097560975	0.3598256190778687	1.0	506.0	432.0	432.0	268.0	4997	5190	0.9799728498977052	700.0	10677
GCF_000159435.1_ASM15943v1_genomic.fna	10.587239763664606	0.8447690658871206	0.0039538407397092	1877332.0	112.0	30.0	10	9.65556630023389	0.0070894716579053	0.7268501256037824	0.9999129068838688	0.001879147224757	0.9965167723311684	0.9980711434411182		False	1963.0	65.73509933774834	0.568406865652255	0.9966483136163587	4753.0	2632.0	2644.0	9835.0	73125	75494	0.973537020760308	12479.0	156047
GCF_000160575.1_ASM16057v1_genomic.fna	0.0003651103941323	0.0003651103941323		1980223.0	13.0	1.0	0	0.0191169231817373	1.359397142387733e-05	0.0	0.0003223405151482		0.0	0.0		False					0.0	0.0	0.0	0.0	3	15	0.9443789252747016	0.0	51
GCF_000160835.1_ASM16083v1_genomic.fna	0.0929525258630871	0.0126210649547351	0.0047700405734697	2302896.0	20.0	9.0	0	1.4493526456496066	0.0009559044860744	0.0046380731044736	0.0787990505200515	0.0013174292840891	0.9893268420559872	0.9907312049433572		False	34.0	34.911764705882355	0.2395444378566987	1.0	114.0	99.0	102.0	74.0	782	1060	0.9532925838732648	176.0	2607
GCF_000160855.1_ASM16085v1_genomic.fna	0.2862096168331698	0.0328044098185571	0.0074281315989215	2020582.0	49.0	18.0	0	2.8523082377928684	0.0020114723625093	0.0158162351243354	0.2233170779750692	0.0032483882730112	0.9833531510107016	0.9878277739533136		False	225.0	103.88	0.5643125874693462	1.0	532.0	389.0	396.0	468.0	2148	3419	0.9581661008035828	864.0	7712
GCF_000160875.1_ASM16087v1_genomic.fna	0.0003029000922788	0.0003029000922788		1277649.0	12.0	1.0	0	0.0174177510517556	1.5423919625212066e-05	0.0	0.000267425017036		0.0	0.0		False					0.0	0.0	0.0	0.0	2	78	0.9195749117913996	0.0	199
GCF_000161935.1_ASM16193v1_genomic.fna	0.118166400031521	0.0119119565148111	0.0040080099598094	1725829.0	12.0	6.0	0	1.7379232334593568	0.0013238354814547	0.0065388865293142	0.0990819060553944	0.0022385918285733	0.9898094816127604	0.9907842268498006		False	379.0	94.41424802110818	0.2264313149163238	0.9695960641771154	115.0	104.0	104.0	104.0	745	896	0.9701992598897492	208.0	2004
GCF_000166715.1_ASM16671v1_genomic.fna	7.765875211581758e-05	7.765875211581758e-05		1957281.0	43.0	1.0	0	0.0088314072416426	6.326377152029847e-06	0.0	6.857032706586441e-05		0.0	0.0		False					0.0	0.0	0.0	0.0	1	3	0.9326048243483892	0.0	23
GCF_000166735.1_ASM16673v1_genomic.fna	0.0007192936040743	0.0002493377103052		2298088.0	893.0	1.0	0	0.0501932544825204	3.444495036937877e-05	0.0	0.0006349345960634		0.0	0.0		False					0.0	0.0	0.0	0.0	6	7	0.959712643678161	0.0	20
GCF_000178475.1_ASM17847v1_genomic.fna	0.1801855652171655	0.0207404436379401	0.0069427415048399	1540806.0	73.0	20.0	0	2.2623806641617348	0.0018312989413713	0.0097397076594976	0.1470922235888264	0.0010039265916437	0.9847404544545878	0.9889384953688278		False	264.0	93.90151515151516	0.5442161365001849	0.9964968158231688	229.0	166.0	165.0	185.0	1027	1300	0.9491948624002132	350.0	2995
GCF_000193635.1_ASM19363v1_genomic.fna	0.0015553159664293	0.0002877658112644	0.0	2317857.0	72.0	2.0	0	0.1163126692131096	7.662601954994e-05	0.0001324499311217	0.0013724013930447	0.0	0.990228013029316	0.990228013029316		False					3.0	3.0	3.0	0.0	13	19	0.9375838205464742	3.0	45
GCF_000237995.1_ASM23799v2_genomic.fna	0.0010587262032966	0.0005715605422093		1978793.0	9.0	3.0	0	0.0534249336453256	3.799631990253254e-05	0.0	0.0009344183964916		0.0	0.0		False					0.0	0.0	0.0	0.0	8	49	0.9578458302773676	0.0	302
GCF_000241055.1_ASM24105v1_genomic.fna	0.0008847933871736	0.0001970429445055	0.0036402114800044	1842238.0	2.0	1.0	0	0.0667505415090392	4.918460599059481e-05	0.0001139917860774	0.0007809674469313	0.0	1.0	1.0		False					0.0	0.0	0.0	1.0	6	6	0.9959730342441236	1.0	27
GCF_000255495.1_ASM25549v2_genomic.fna	0.0105669884765993	0.0019620113075247	0.0114196892747883	2195706.0	220.0	2.0	0	0.3083576880123261	0.0002102148616382	0.0009559567628817	0.0092872553765687	0.0	0.9842782277274892	0.9928537398761316		False					33.0	15.0	15.0	49.0	87	149	0.9269003970876571	64.0	393
GCF_000260415.1_ASM26041v1_genomic.fna	0.0010056657277186	0.0007953353393876		2652969.0	122.0	4.0	0	0.037924156071859	2.338900757010217e-05	0.0	0.0008876086797354		0.0	0.0		False					0.0	0.0	0.0	0.0	10	17	0.9559151037020625	0.0	153
GCF_000260435.1_ASM26043v1_genomic.fna	0.002623840716375	0.000547852540216	0.0096988003680159	3110326.0	113.0	6.0	0	0.1836383090221037	0.0001045008244738	0.0001151004749984	0.0023141695239967	0.0	0.994413407821229	0.994413407821229		False	66.0	49.696969696969695	0.0679278654862943	0.8283690618621559	2.0	2.0	2.0	12.0	36	93	0.9511974500097278	14.0	303
GCF_000277645.1_ASM27764v1_genomic.fna	0.0009589690793202	0.0005211285527548		1728940.0	17.0	1.0	0	0.0455897556916811	3.470602498855559e-05	0.0	0.00084641128875		0.0	0.0		False					0.0	0.0	0.0	0.0	6	29	0.9119576800879696	0.0	296
GCF_000296835.1_ASM29683v1_genomic.fna	0.0033877295936228	0.0015865071688444	0.0019219218789636	1928135.0	36.0	6.0	0	0.1039272822334212	7.498481918945851e-05	0.000172705749338	0.0029868955561167	0.0	0.9789789789789788	0.9789789789789788		False					7.0	7.0	7.0	0.0	25	57	0.9526818808453248	7.0	195
GCF_000296855.1_ASM29685v1_genomic.fna	0.0833133559777955	0.0128773514904144	0.0094239417099098	1927182.0	96.0	25.0	0	1.139422848162177	0.000824893537204	0.0055215335137003	0.0709248902495761	0.0	0.9807348933370924	0.9857156282304296		False	84.0	58.785714285714285	0.3519745486990948	0.9693195492593084	205.0	152.0	150.0	185.0	594	1238	0.9550903534509853	335.0	3194
GCF_000297025.1_ASM29702v1_genomic.fna	0.3378244335304225	0.0213803100454602	0.007592055181842	1905398.0	30.0	17.0	0	3.1693836147946226	0.0022996774914868	0.0150147108373158	0.2579205564799383	0.0075238581979817	0.99206543395435	0.9946520325771612		False	1175.0	69.36936170212766	0.3989089200654815	0.9616663110828468	227.0	153.0	151.0	502.0	2422	2745	0.974435305626332	653.0	6861
GCF_000297375.1_ASM29737v1_genomic.fna	0.009264224054024	0.0015986362552381	0.0181933931338034	2008587.0	106.0	5.0	0	0.3155786648152379	0.0002238548567727	0.0007492829536385	0.0081469421531619	0.0	0.9833887043189368	0.9913621262458472		False	49.0	26.816326530612244	0.1538099042787706	0.9724489795918368	25.0	13.0	13.0	52.0	69	71	0.9734121422277736	65.0	162
GCF_000349725.1_ASM34972v1_genomic.fna	0.000242382389261	0.0001228921236779		2351656.0	54.0	1.0	0	0.0219891903091268	1.437215795124615e-05	0.0	0.00021400074829		0.0	0.0		False					0.0	0.0	0.0	0.0	2	12	0.9111724137931034	0.0	57
GCF_000420365.1_ASM42036v1_genomic.fna	0.0006014495154172	0.0004424371588319		1358385.0	6.0	1.0	0	0.0303302626206908	2.6034953433425555e-05	0.0	0.000530938924133		0.0	0.0		False					0.0	0.0	0.0	0.0	3	3	0.993103448275862	0.0	9
GCF_000423245.1_ASM42324v1_genomic.fna	0.0001919535385841	0.0001919535385841		1385752.0	17.0	1.0	0	0.0138704230394158	1.1797243444241678e-05	0.0	0.0001694806111081		0.0	0.0		False					0.0	0.0	0.0	0.0	1	13	0.91184564947839	0.0	133
GCF_000423265.1_ASM42326v1_genomic.fna	0.5905129905337954	0.2266699520500618	0.0035673065198637	1720753.0	47.0	46.0	0	1.598396915793983	0.0012218417464676	0.0294225841826223	0.406324835694526	0.0004713063312148	0.9908550435521144	0.9928894507100672		False	22.0	59.31818181818182	0.2560627762613781	1.0	463.0	360.0	359.0	255.0	3803	4214	0.982410330047414	614.0	9868
GCF_000425885.1_ASM42588v1_genomic.fna	0.0002701901762424	0.000182785089713		3134829.0	101.0	2.0	0	0.0211615797345415	1.1990712590798728e-05	0.0	0.0002385494681719		0.0	0.0		False					0.0	0.0	0.0	0.0	3	5	0.9556513409961688	0.0	83
GCF_000425905.1_ASM42590v1_genomic.fna	0.0046264969031378	0.0015082457682266	0.0020350718085638	1542852.0	23.0	3.0	0	0.1473844544794373	0.0001188332774557	0.0005243535996971	0.0040768637004298	0.0	0.976514215080346	0.9789864029666254		False					19.0	17.0	17.0	3.0	27	110	0.9536630395871964	20.0	327
GCF_000428925.1_ASM42892v1_genomic.fna	0.0011948458124846	0.0006369017298712		2862294.0	39.0	2.0	0	0.0539357289149008	3.192361475430422e-05	0.0	0.0010544924840659		0.0	0.0		False					0.0	0.0	0.0	0.0	13	22	0.9517225108741636	0.0	72
GCF_000498955.2_NMG01_genomic.fna	0.0001713884907444	0.0001713884907444		3279100.0	181.0	1.0	0	0.0131632686273908	7.30965757704973e-06	0.0	0.0001513245866068		0.0	0.0		False					0.0	0.0	0.0	0.0	2	3	0.9525862068965516	0.0	42
GCF_000583655.1_ASM58365v1_genomic.fna	0.0084142972747041	0.0024979945034277	0.0024786420051379	2844682.0	129.0	4.0	0	0.229901886474001	0.0001369317516437	0.0006598277065766	0.0074022915780026	0.0	0.9957378795950984	0.9957378795950984		False					8.0	8.0	8.0	5.0	88	89	0.993550674080242	13.0	214
GCF_000614735.1_ASM61473v1_genomic.fna	21.335610134387892	0.9032851185183872	0.0059226265832293	1918774.0	74.0	68.0	18	19.884591545336487	0.0144107399695596	0.8145878566209465	0.9999999934207412	0.005994085288856	0.9964555569062258	0.998564948400842		False	36271.0	78.04998483637065	0.3160755027185581	0.969440327404441	5540.0	2243.0	2209.0	21626.0	151439	154584	0.988261569605096	23835.0	315495
GCF_000615285.1_ASM61528v1_genomic.fna	5.993581064033775	0.6378662556977781	0.0060913928140671	1902496.0	35.0	31.0	3	8.755907998995818	0.0063597474238842	0.4342269313575429	0.9949699838268709	0.0022495269765752	0.987437584355689	0.99042627237128		False	4552.0	79.10083479789104	0.415942462018497	0.9757287055652166	10378.0	7909.0	7828.0	9343.0	42655	47178	0.9786878681883038	17171.0	98224
GCF_000615445.1_ASM61544v1_genomic.fna	0.0317959061436315	0.0046581070937583	0.0104505951360145	1826493.0	81.0	13.0	0	0.8347705390392957	0.00062043001141	0.001322205998052	0.0276853229801812	0.0061089673013776	0.9813664596273292	0.982608695652174		False	193.0	64.22279792746114	0.3379847147060937	0.98804379776602	45.0	42.0	42.0	62.0	219	560	0.9256279971305814	104.0	1445
GCF_000615765.1_ASM61576v1_genomic.fna	0.0179008962933203	0.0036755115863557	0.0075052110497806	2242681.0	158.0	9.0	0	0.3748229517423586	0.0002520716175655	0.0017015349039832	0.0156822244445707	0.0	0.9897798742138364	0.9931865828092244		False					39.0	26.0	22.0	49.0	150	213	0.9607214159804048	71.0	810
GCF_000615805.1_ASM61580v1_genomic.fna	0.0017039598679727	0.0006714294662159	0.027936507785131	2107444.0	71.0	1.0	0	0.0708342725819432	4.8959121292284434e-05	2.989403277145191e-05	0.0015034652254841	0.0	0.952380952380952	0.968253968253968		False					3.0	2.0	2.0	1.0	13	20	0.9348684231694522	3.0	83
GCF_000615845.1_ASM61584v1_genomic.fna	0.0069548778608052	0.0031979483230263	0.0021783457352565	1667319.0	82.0	3.0	0	0.1511041524156968	0.0001176017130047	0.0002027206551355	0.0061223387873963	0.0	0.9911242603550297	0.9911242603550297		False					3.0	3.0	3.0	0.0	45	168	0.9335136654882772	3.0	718
GCF_000702165.1_ASM70216v1_genomic.fna	0.030024260059881	0.0024293230361106	0.0031726026590887	2411783.0	91.0	2.0	0	0.9034732327156074	0.0005839708043465	0.0012389174316263	0.0261630790357768	0.0019443826522472	1.0	1.0		False	10.0	37.2	0.3108962298741935	1.0	0.0	0.0	0.0	17.0	268	288	0.9759747426468336	17.0	657
GCF_000740055.1_ASM74005v1_genomic.fna	0.0038948738815541	0.0005316078207089	0.0017687545619001	1860394.0	93.0	3.0	0	0.2292936997219115	0.0001689552583727	0.0002703728350016	0.003433266453642	0.0	0.9980119284294234	1.0		False					1.0	0.0	0.0	1.0	28	33	0.952593931940072	1.0	103
GCF_000785105.2_ASM78510v2_genomic.fna	0.0001340738408099	0.0001340738408099		2095860.0	1.0	1.0	0	0.0115788020522409	7.998403712894193e-06	0.0	0.0001183801939469		0.0	0.0		False					0.0	0.0	0.0	0.0	1	27	0.9131883043656368	0.0	1617
GCF_000829035.1_ASM82903v1_genomic.fna	0.0051805882688206	0.0008085349479289	0.0052308717165567	3017804.0	3.0	1.0	0	0.2517121123793594	0.0001449111653076	0.0003187748442244	0.0045640125374948	0.0	0.9916839916839916	0.9916839916839916		False	3.0	12.666666666666666	0.0313747331291191	1.0	8.0	8.0	8.0	9.0	60	101	0.955542863837517	17.0	477
GCF_000829055.1_ASM82905v1_genomic.fna	0.0006312308222153	0.0004273676489462		2952961.0	3.0	1.0	0	0.0336992777545102	1.9612634585191616e-05	0.0	0.0005572215104145		0.0	0.0		False					0.0	0.0	0.0	0.0	7	120	0.9146385603743474	0.0	530
GCF_000829395.1_ASM82939v1_genomic.fna	0.0027489121406189	0.001350087020419	0.0034285715648105	2400586.0	3.0	3.0	0	0.0864411167661575	5.579767531182425e-05	5.831909375460732e-05	0.0024243459352467	0.0	1.0	1.0		False					0.0	0.0	0.0	1.0	24	52	0.95087684068065	1.0	473
GCF_000876205.1_ASM87620v1_genomic.fna	0.0015607169845603	0.0007367718470182	0.0161264821474731	1904253.0	105.0	4.0	0	0.0744108647680581	5.4222824072207415e-05	0.0001328604970032	0.0013771639355797	0.0	0.9881422924901184	0.9960474308300395		False					3.0	1.0	1.0	3.0	11	80	0.9641261519654192	4.0	199
GCF_001039045.1_ASM103904v1_genomic.fna	0.000581059328054	0.0002796671305945	0.0154838715830156	2899876.0	55.0	2.0	0	0.0407537426667251	2.3977457150830152e-05	1.0690112266869323e-05	0.0005129437860035	0.0	0.9677419354838708	1.0		False					1.0	0.0	0.0	1.0	6	6	0.9865433719126596	1.0	28
GCF_001293735.1_LgorillaeKZ01T_1.0_genomic.fna	0.0006524039348911	0.0003868127905283		1641621.0	63.0	2.0	0	0.0342177025522893	2.680943358796999e-05	0.0	0.0005759067765037		0.0	0.0		False					0.0	0.0	0.0	0.0	4	7	0.9366379310344828	0.0	41
GCF_001311075.1_ASM131107v1_genomic.fna	0.0009845101801248	0.0006193727280255		3453494.0	176.0	4.0	0	0.0431369593491269	2.333161956138002e-05	0.0	0.0008689447377256		0.0	0.0		False					0.0	0.0	0.0	0.0	13	13	0.9866026178742442	0.0	34
GCF_001311135.1_ASM131113v1_genomic.fna	0.0015220136499812	0.0005879536166126	0.0021671525069645	3510481.0	170.0	4.0	0	0.078493619111066	4.209829295424682e-05	9.571337944857126e-05	0.0013430353726158	0.0	0.9910714285714286	0.9940476190476192		False					3.0	2.0	2.0	1.0	20	34	0.9727214637292112	3.0	133
GCF_001311195.1_ASM131119v1_genomic.fna	0.0002159618207823	0.000108177596931		2542116.0	161.0	1.0	0	0.0209049892580994	1.3195335645421646e-05	0.0	0.0001906761067508		0.0	0.0		False					0.0	0.0	0.0	0.0	2	4	0.9422413793103448	0.0	27
GCF_001311375.1_ASM131137v1_genomic.fna	0.0001813983237288	0.0001813983237288		1593179.0	38.0	1.0	0	0.0134994289114565	1.0720661672113665e-05	0.0	0.0001601618925669		0.0	0.0		False					0.0	0.0	0.0	0.0	1	27	0.9263466637500164	0.0	126
GCF_001311785.1_ASM131178v1_genomic.fna	0.000625426262698	0.0002478571714787	0.0032989689984272	2420749.0	67.0	2.0	0	0.0476287473297444	3.069726771462001e-05	4.007024272239707e-05	0.0005520989272307	0.0	1.0	1.0		False					0.0	0.0	0.0	0.0	6	8	0.963658596233798	0.0	29
GCF_001312865.1_ASM131286v1_genomic.fna	0.0001381834931332	0.0001381834931332		2062475.0	21.0	1.0	0	0.0117663201511615	8.20142026374436e-06	0.0	0.0001220085807842		0.0	0.0		False					0.0	0.0	0.0	0.0	1	3	0.9264367816091954	0.0	170
GCF_001433875.1_ASM143387v1_genomic.fna	0.966257440646404	0.0954175683898921	0.0050282911351922	1748504.0	188.0	92.0	0	11.815608436688471	0.0090332368254135	0.0379673137722304	0.573952876416848	0.000936331675086	0.9768776549272437	0.9799807188262584		False	937.0	106.21451440768408	0.5197289383174283	0.9753836337435488	1535.0	1329.0	1329.0	640.0	6222	7781	0.960821218557382	1969.0	18641
GCF_001434055.1_ASM143405v1_genomic.fna	0.000424219449601	0.0002241592402761		2614213.0	133.0	2.0	0	0.0288553320935445	1.793810239233755e-05	0.0	0.0003745156255058		0.0	0.0		False					0.0	0.0	0.0	0.0	4	14	0.961264367816092	0.0	52
GCF_001434115.1_ASM143411v1_genomic.fna	0.0001002033277118	0.0001002033277118		2704501.0	59.0	1.0	0	0.0100315657568261	6.1132863534124605e-06	0.0	8.847562417069188e-05		0.0	0.0		False					0.0	0.0	0.0	0.0	1	5	0.9547413793103448	0.0	25
GCF_001434225.1_ASM143422v1_genomic.fna	0.0002149271509024	0.0001140674823225		2498521.0	44.0	1.0	0	0.0204468241506365	1.2958376914392304e-05	0.0	0.0001897626670338		0.0	0.0		False					0.0	0.0	0.0	0.0	2	11	0.9203120152726404	0.0	49
GCF_001434255.1_ASM143425v1_genomic.fna	0.0025992072678459	0.0002925143014657	0.0195480712418314	3261379.0	109.0	1.0	0	0.2002773578283555	0.0001112724454757	0.0001937830592519	0.0022924682892077	0.0	0.990506329113924	0.9984177215189872		False	4.0	51.75	0.3827751196172247	1.0	6.0	1.0	1.0	28.0	31	46	0.9436501198986726	29.0	183
GCF_001434295.1_ASM143429v1_genomic.fna	0.0078383484942718	0.0016357632972133	0.0018397326483006	2373204.0	62.0	1.0	0	0.2331088129324063	0.0001517151038202	0.0007395065910895	0.0068973649522534	0.0	0.996011396011396	0.9965811965811966		False					7.0	6.0	6.0	4.0	69	78	0.934220740676698	10.0	236
GCF_001434335.1_ASM143433v1_genomic.fna	0.0067861937551426	0.0009546769063463	0.0014893730597315	2078190.0	108.0	4.0	0	0.359710992300613	0.000250830275526	0.0003300949383838	0.0059742916072168	0.0	0.9868804664723032	0.9868804664723032		False	1.0	2.0	0.4615384615384626	1.0000000000000002	9.0	9.0	9.0	2.0	52	105	0.919370628885957	11.0	492
GCF_001434365.1_ASM143436v1_genomic.fna	0.0021336668720627	0.0004636289323929	0.0036265432006783	1848461.0	66.0	2.0	0	0.1274124954471792	9.405095767776166e-05	0.0001558052888321	0.0018822541816191	0.0	0.9652777777777776	0.9652777777777776		False					10.0	10.0	9.0	2.0	14	26	0.952782131661442	11.0	83
GCF_001434395.1_ASM143439v1_genomic.fna	0.0034065420809706	0.0002663858367978	0.0010422473475777	2815465.0	66.0	1.0	0	0.2307082390651802	0.0001378188369414	0.0002401024342337	0.0030034572282925	0.0	0.9911242603550297	0.9911242603550297		False					6.0	6.0	6.0	1.0	35	35	0.9908343702592596	7.0	75
GCF_001434405.1_ASM143440v1_genomic.fna	0.0001248098562486	0.0001248098562486		2091181.0	54.0	1.0	0	0.0112000914766275	7.765156889960117e-06	0.0	0.0001102010304878		0.0	0.0		False					0.0	0.0	0.0	0.0	1	20	0.91032741205155	0.0	106
GCF_001434465.1_ASM143446v1_genomic.fna	0.209060653399443	0.059407197847792	0.0045694901007137	2031774.0	75.0	52.0	0	1.4141865569767056	0.0009958139259064	0.0124506957958906	0.1685636710071374	0.0009232808304367	0.9831995888840572	0.9856504723880302		False	270.0	95.68888888888888	0.2669628812861536	0.9679264547997768	425.0	363.0	363.0	208.0	1552	1829	0.9742625208300436	571.0	4033
GCF_001434475.1_ASM143447v1_genomic.fna	0.0049507508538215	0.0010666405161212	0.0069962215200762	2651315.0	81.0	2.0	0	0.2268258827790275	0.0001397310445475	0.0002017866605816	0.0043619718491101	0.0	0.9962616822429906	0.9962616822429906		False					2.0	2.0	2.0	5.0	48	51	0.9544903435305176	7.0	115
GCF_001434535.1_ASM143453v1_genomic.fna	0.0057265610955511	0.0014296457903632	0.0009897350520825	1880186.0	58.0	3.0	0	0.1880848893983391	0.0001375933602444	0.0004260216808337	0.0050437906020535	0.0	1.0	1.0		False					0.0	0.0	0.0	0.0	39	135	0.931150321561673	0.0	591
GCF_001434575.1_ASM143457v1_genomic.fna	8.67902662163783e-05	8.67902662163783e-05		3133992.0	147.0	1.0	0	0.0093597265213484	5.312035421824641e-06	0.0	7.663286862080732e-05		0.0	0.0		False					0.0	0.0	0.0	0.0	1	10	0.9177698564212704	0.0	43
GCF_001434585.1_ASM143458v1_genomic.fna	0.00208334178114	0.0004802859729012	0.0024786327683598	2219511.0	101.0	2.0	0	0.1238379522908439	8.350462647284495e-05	0.0001964396662147	0.0018378997826854	0.0	0.9724770642201834	0.9747706422018348		False					12.0	11.0	11.0	3.0	17	27	0.95644861392833	14.0	95
GCF_001434695.1_ASM143469v1_genomic.fna	0.0026007295373329	0.0010727380538418	0.0	1590323.0	28.0	2.0	0	0.0872912238242907	6.934162880129916e-05	1.697768314990059e-05	0.0022938093708101	0.0	0.962962962962962	0.962962962962962		False					1.0	1.0	1.0	0.0	15	72	0.9416023441880488	1.0	244
GCF_001434735.1_ASM143473v1_genomic.fna	0.0005660785308279	0.0003543610730887		2446657.0	90.0	2.0	0	0.0337488901253458	2.1655912733617966e-05	0.0	0.0004997224398497		0.0	0.0		False					0.0	0.0	0.0	0.0	5	25	0.9410201149425288	0.0	94
GCF_001434785.1_ASM143478v1_genomic.fna	0.000547159716123	0.0004058269481207		2476425.0	69.0	2.0	0	0.030080375175295	1.9168326349299337e-05	0.0	0.0004830253350204		0.0	0.0		False					0.0	0.0	0.0	0.0	5	8	0.9442981147834388	0.0	59
GCF_001434835.1_ASM143483v1_genomic.fna	9.902961259547014e-05	9.902961259547014e-05		2918319.0	30.0	1.0	0	0.0099611137661753	5.836984001982635e-06	0.0	8.743932488119999e-05		0.0	0.0		False					0.0	0.0	0.0	0.0	1	7	0.9454022988505746	0.0	32
GCF_001434845.1_ASM143484v1_genomic.fna	6.962548884708457e-05	6.962548884708457e-05		2298009.0	137.0	1.0	0	0.0083940878848044	5.570605839250249e-06	0.0	6.147741683815156e-05		0.0	0.0		False					0.0	0.0	0.0	0.0	1	19	0.9129567453115548	0.0	147
GCF_001434895.1_ASM143489v1_genomic.fna	0.0103537943078659	0.0006475436583236	0.0019867904959628	2751938.0	31.0	1.0	0	0.504848343390147	0.0003046712451482	0.0005410732363883	0.0091007356999344	0.0	0.9523169912693068	0.9536601746138332		False					71.0	69.0	69.0	4.0	104	309	0.9165867865469756	73.0	690
GCF_001434935.1_ASM143493v1_genomic.fna	0.001093654903114	0.0004064912029273	0.0086569759073157	2686405.0	164.0	1.0	0	0.077238275272061	4.74148641795301e-05	0.0001068342264103	0.0009652311438925	0.0	0.9825783972125436	0.989547038327526		False					5.0	3.0	3.0	5.0	11	35	0.9241450007800736	8.0	120
GCF_001434985.1_ASM143498v1_genomic.fna	0.0005034782380066	0.0002260354365485		2548273.0	166.0	2.0	0	0.0388618264753051	2.4504621406069868e-05	0.0	0.0004444724769894		0.0	0.0		False					0.0	0.0	0.0	0.0	5	5	0.9840885646920128	0.0	28
GCF_001435035.1_ASM143503v1_genomic.fna	0.0002687243272294	0.0002293754078851		3125880.0	335.0	1.0	0	0.0188402891771387	1.0772249791551158e-05	0.0	0.0002372554314212		0.0	0.0		False					0.0	0.0	0.0	0.0	3	7	0.958764367816092	0.0	31
GCF_001435195.1_ASM143519v1_genomic.fna	0.000688727150397	0.0002110126637905	0.0	2639652.0	55.0	2.0	0	0.0519091403344058	3.20167593563913e-05	5.947753719050817e-05	0.0006079611904576	0.0	0.9872611464968152	0.9872611464968152		False					2.0	2.0	2.0	0.0	7	18	0.9641929978703632	2.0	70
GCF_001435325.1_ASM143532v1_genomic.fna	0.0125331190494552	0.0029649790152726	0.0076288862494121	2009795.0	55.0	10.0	0	0.352655232890393	0.0002494401241358	0.0008035645426523	0.0110057329802539	0.0	0.977708978328173	0.9832817337461298		False					36.0	27.0	27.0	29.0	96	181	0.931954441028232	56.0	669
GCF_001435345.1_ASM143534v1_genomic.fna	0.343418522247481	0.0335062936735852	0.0043252738288045	1667627.0	68.0	37.0	0	3.411707093926818	0.0026527759555356	0.0198515615302462	0.2615770792290653	0.0007750399213024	0.981362331974022	0.9830841262649146		False	406.0	100.371921182266	0.3435747311290607	0.9926541475349356	617.0	560.0	559.0	269.0	2093	4398	0.9468170057642382	828.0	12488
GCF_001435445.1_ASM143544v1_genomic.fna	0.0007915309825761	0.0003542592668107		2746576.0	28.0	2.0	0	0.0446786007819783	2.698652882320211e-05	0.0	0.0006986776686261		0.0	0.0		False					0.0	0.0	0.0	0.0	8	21	0.93683791595793	0.0	63
GCF_001435575.1_ASM143557v1_genomic.fna	9.802723894770594e-05	9.802723894770594e-05		2693129.0	79.0	1.0	0	0.0099295525676515	6.068465529249353e-06	0.0	8.655430595072566e-05		0.0	0.0		False					0.0	0.0	0.0	0.0	1	17	0.9398193760262724	0.0	68
GCF_001435585.1_ASM143558v1_genomic.fna	0.0002154612971978	0.0002154612971978		3309179.0	101.0	3.0	0	0.0136396978917867	7.520977110015036e-06	0.0	0.0001902342285997		0.0	0.0		False					0.0	0.0	0.0	0.0	3	19	0.9480307709987512	0.0	217
GCF_001435755.1_ASM143575v1_genomic.fna	0.0064834315886406	0.0014866193510721	0.0052970308598463	2326083.0	457.0	6.0	0	0.244231505224739	0.0001633780922937	0.0004759073515433	0.0057085142505552	0.0	0.991869918699187	0.992773261065944		False					9.0	8.0	8.0	10.0	55	68	0.9704650995173194	18.0	206
GCF_001435775.1_ASM143577v1_genomic.fna	0.2890232300026353	0.0741843982838586	0.0058105068528098	2151571.0	88.0	53.0	0	2.6533154536732244	0.0018163298974338	0.0106703427402581	0.2252442898994999	0.0015683595430545	0.988849202892238	0.9913319975607632		False	374.0	71.0427807486631	0.2569716251471766	0.9546106264457412	256.0	199.0	194.0	278.0	2302	2840	0.9812539039315252	472.0	6954
GCF_001435835.1_ASM143583v1_genomic.fna	0.0039402394384302	0.0008355688928132	0.0100136809111025	1898108.0	96.0	2.0	0	0.1812238144771605	0.0001322094885503	0.0003271678956097	0.0034731859117604	0.0	0.996779388083736	0.998389694041868		False					2.0	1.0	1.0	12.0	27	56	0.9464869610015983	13.0	260
GCF_001435895.1_ASM143589v1_genomic.fna	0.0065766203693187	0.0024661920761248	0.0016734396316566	3081674.0	254.0	9.0	0	0.1645568841769853	9.452184411850746e-05	0.0003816107738845	0.0057903268487917	0.0	0.9914965986394558	0.9914965986394558		False					10.0	10.0	10.0	1.0	74	96	0.9730422476938408	11.0	367
GCF_001435935.1_ASM143593v1_genomic.fna	0.2562446673630658	0.0256260615436139	0.0051085705841544	2006512.0	150.0	37.0	0	2.6549626830339905	0.0018884644049509	0.0128107880740309	0.2024925010391072	0.0017345285081169	0.9907800038902936	0.992336121377164		False	438.0	104.92009132420092	0.2353961902958089	0.9423740645987962	237.0	197.0	192.0	257.0	1888	2637	0.9378156836830543	449.0	6524
GCF_001435955.1_ASM143595v1_genomic.fna	1.1333228420645405	0.3432117708000752	0.0046754443320369	1982601.0	62.0	44.0	0	2.6661750443234764	0.0018994746490084	0.0755139334641715	0.6323868327153627	0.0001856358231258	0.9908358603737794	0.993447506579211		False	113.0	85.99115044247787	0.2707297205231916	0.9944498069498072	1372.0	981.0	976.0	1034.0	8325	9026	0.975779978081841	2010.0	19045
GCF_001436025.1_ASM143602v1_genomic.fna	0.3320773582470054	0.0664532662375886	0.0034910547624183	2254291.0	91.0	40.0	0	2.053100253471674	0.0013729841285738	0.0229216192585606	0.2541451787726566	3.6808949947264063e-05	0.984749961294318	0.9860078959591267		False	166.0	57.45180722891566	0.3013818732457586	0.9983714415998958	788.0	723.0	721.0	299.0	2757	3661	0.956186341624804	1020.0	8244
GCF_001436035.1_ASM143603v1_genomic.fna	0.0053663312641972	0.0014256093343313	0.0009084556087757	1231754.0	68.0	2.0	0	0.1592918679157944	0.0001443253719577	0.0006454210824563	0.0047272616661582	0.0	0.9849056603773584	0.9861635220125786		False					12.0	11.0	11.0	1.0	24	28	0.957501512401694	12.0	67
GCF_001436045.1_ASM143604v1_genomic.fna	0.2944586283397689	0.0187825410797783	0.0036843712169983	1733578.0	26.0	11.0	0	3.38579046222614	0.0025753771496734	0.0113718563571987	0.2289537875005196	0.0013202572695718	0.9851881911332048	0.986456325453992		False	100.0	105.61	0.1991701760586927	0.9490599794208816	292.0	267.0	266.0	109.0	1872	2103	0.9591052637986248	375.0	4687
GCF_001436095.1_ASM143609v1_genomic.fna	7.303761215699956e-05	7.303761215699956e-05		1807288.0	26.0	1.0	0	0.0085582124247215	6.3752201297373405e-06	0.0	6.449013195664044e-05		0.0	0.0		False					0.0	0.0	0.0	0.0	1	41	0.9205938360427388	0.0	266
GCF_001436215.1_ASM143621v1_genomic.fna	0.0239638533024822	0.0089744798251555	0.0010873708890113	2058058.0	72.0	28.0	0	0.5926114831373738	0.000414539633445	0.0008979338774708	0.0209377786709755	0.0002664268213823	0.988095238095238	0.988095238095238		False	3.0	84.66666666666667	0.0042257869844076	1.0	22.0	22.0	22.0	3.0	182	217	0.9820526087860028	25.0	683
GCF_001436225.1_ASM143622v1_genomic.fna	0.0008914603093559	0.0002716519712768	0.0067257681425582	2444304.0	57.0	1.0	0	0.0605611534644269	3.882681275383919e-05	7.691350993984372e-05	0.0007868497244328	0.0	0.9840425531914894	0.9893617021276596		False					3.0	2.0	2.0	2.0	8	36	0.9483066701397996	4.0	125
GCF_001436275.1_ASM143627v1_genomic.fna	0.0012051191117629	0.0002110847347014	0.0012931034482758	2117633.0	43.0	1.0	0	0.0924679530932388	6.367217119611559e-05	0.0001369453536094	0.0010635542005855	0.0	0.9551724137931036	0.9551724137931036		False					13.0	13.0	13.0	1.0	10	16	0.9225287356321838	14.0	132
GCF_001436295.1_ASM143629v1_genomic.fna	0.0001062831719743	0.0001062831719743		2559201.0	72.0	1.0	0	0.010337947628028	6.480484849813002e-06	0.0	9.384363726372412e-05		0.0	0.0		False					0.0	0.0	0.0	0.0	1	2	0.9413793103448276	0.0	18
GCF_001436305.1_ASM143630v1_genomic.fna	0.0950879974983416	0.0147046442584442	0.0045617408839939	2161766.0	105.0	26.0	0	1.191190258494081	0.0008141353929272	0.0069577373314225	0.0805344501262128	0.0002252670182053	0.9790572435343394	0.9809853068280034		False	26.0	100.1923076923077	0.529104091150519	1.0	315.0	286.0	284.0	114.0	779	1244	0.948029734647565	398.0	2977
GCF_001436315.1_ASM143631v1_genomic.fna	19.265203870692865	0.6143356306299337	0.0074047498695415	1680526.0	24.0	20.0	4	34.07950193430631	0.0263264235761546	0.4841412748151472	0.9999999590606862	0.0067071056034505	0.9872396179014076	0.9919470214303624		False	43637.0	92.27960217246832	0.5742925427123847	0.985790839819171	10382.0	6552.0	6492.0	14302.0	119061	141580	0.975075934467626	20794.0	296173
GCF_001436375.1_ASM143637v1_genomic.fna	0.0056016002759414	0.0011429306437499	0.016244256617454	3467402.0	88.0	3.0	0	0.3005939008254097	0.0001618389836708	0.0002840743588427	0.0049340006752083	0.0	0.9928934010152284	0.997969543147208		False	18.0	70.83333333333333	0.2434583006808721	1.0	7.0	2.0	2.0	24.0	71	83	0.9416794235990248	26.0	222
GCF_001436395.1_ASM143639v1_genomic.fna	0.0026320605218176	0.0012430256236542	0.0101052635594417	2054664.0	152.0	5.0	0	0.0899293394251489	6.320740124595277e-05	4.623627026122014e-05	0.0023214107894772	0.0	1.0	1.0		False					0.0	0.0	0.0	2.0	20	22	0.9616353867963756	2.0	75
GCF_001436455.1_ASM143645v1_genomic.fna	0.0014416745776644	0.0003973607793734	0.0021197793754279	1610627.0	99.0	2.0	0	0.0831868695828936	6.595434951942375e-05	0.0001750870934114	0.0012721887330053	0.0	0.9858156028368794	0.9858156028368794		False					4.0	4.0	4.0	0.0	10	26	0.946266233766234	4.0	128
GCF_001436555.1_ASM143655v1_genomic.fna	0.003563338777589	0.0004008197657757	0.0158470282294871	1566789.0	9.0	1.0	0	0.2026588987662985	0.0001619981938331	0.0003280594898228	0.0031414833231195	0.0	0.9844357976653688	0.9961089494163422		False					8.0	2.0	1.0	18.0	21	27	0.9394909688013136	19.0	78
GCF_001436695.1_ASM143669v1_genomic.fna	0.0472288456908842	0.0154991835651858	0.0053507605710115	1873389.0	52.0	17.0	0	0.5177345631634013	0.0003793168453588	0.0031040002903828	0.040845460663465	0.0	0.9800515907136714	0.9831470335339636		False	1.0	52.0	0.0090702947845806	1.0	116.0	98.0	98.0	51.0	335	548	0.96334267585767	149.0	1586
GCF_001436775.1_ASM143677v1_genomic.fna	0.0228317128011527	0.0028844042809303	0.0057858233495841	1585076.0	123.0	9.0	0	0.5945409172649584	0.0004759412437275	0.0016409307818678	0.0199585403072122	0.0	0.982314494425221	0.9853902345251826		False	13.0	42.38461538461539	0.1728183415095441	1.0	46.0	38.0	37.0	30.0	133	275	0.9541444054519164	67.0	764
GCF_001436895.1_ASM143689v1_genomic.fna	0.0002474863679639	0.0002474863679639		2218304.0	40.0	1.0	0	0.0157581861051028	1.0599376491696024e-05	0.0	0.0002185065868698		0.0	0.0		False					0.0	0.0	0.0	0.0	2	10	0.936157880547999	0.0	86
GCF_001437055.1_ASM143705v1_genomic.fna	0.0138262593225497	0.0045615721112928	0.0014153326323996	1646143.0	11.0	6.0	0	0.2547153740075644	0.0001986606779308	0.0009166882828526	0.0121343645411895	0.0	0.9920477137176936	0.9920477137176936		False					12.0	12.0	12.0	1.0	83	190	0.9462673447891676	13.0	566
GCF_001437125.1_ASM143712v1_genomic.fna	0.0020684812471667	0.0005451614173011	0.0	2362603.0	167.0	2.0	0	0.0962831458365825	6.308799048986472e-05	0.0001464486416041	0.0018248019619013	0.0	1.0	1.0		False					0.0	0.0	0.0	0.0	18	37	0.950634236453202	0.0	99
GCF_001437155.1_ASM143715v1_genomic.fna	0.008374451951228	0.0011197941778088	0.0248202695254167	2437055.0	78.0	5.0	0	0.504793046368495	0.0003243958220055	0.0002675360219609	0.0073673679809491	0.0349861116789601	0.9800613496932514	0.995398773006135		False	712.0	119.38904494382022	0.1291365733957475	0.9059129300124368	13.0	3.0	2.0	53.0	74	117	0.9615951933189576	55.0	375
GCF_001437205.1_ASM143720v1_genomic.fna	0.0515273585760018	0.0019703215524523	0.0017639570730478	2086969.0	32.0	2.0	0	1.4771128489391467	0.0010240536707732	0.0014283872927676	0.0444791147592741	0.0012958580572929	0.9758470311975846	0.9758470311975846		False	1.0	1.0	0.2777777777777774	1.0	72.0	72.0	72.0	9.0	396	505	0.9246495662965656	81.0	1390
GCF_001437255.1_ASM143725v1_genomic.fna	0.0005018854925435	0.0003905581651066		2191735.0	201.0	2.0	0	0.0271627743110654	1.851825322324314e-05	0.0	0.0004430667068604		0.0	0.0		False					0.0	0.0	0.0	0.0	4	5	0.9738465974625145	0.0	24
GCF_001437285.1_ASM143728v1_genomic.fna	0.0042408591864586	0.00075596175006	0.0086046723871056	1739506.0	28.0	2.0	0	0.2325411216455774	0.0001765985418891	0.0002506458730237	0.0037376760960164	0.0	1.0	1.0		False					0.0	0.0	0.0	5.0	27	31	0.9408742182810896	5.0	150
GCF_001437405.1_ASM143740v1_genomic.fna	0.00050333804236	0.0002534382234378		2260906.0	66.0	2.0	0	0.035429450220919	2.3631688716727736e-05	0.0	0.0004443487392481		0.0	0.0		False					0.0	0.0	0.0	0.0	4	9	0.9601526973739408	0.0	30
GCF_001437435.1_ASM143743v1_genomic.fna	0.0069091360464672	0.0009944712422003	0.0009698419578503	2070447.0	52.0	4.0	0	0.2972981175965024	0.0002071351009556	0.0006075982625973	0.0060821952360404	0.0	0.9809220985691572	0.9817170111287756		False					24.0	23.0	23.0	2.0	53	91	0.9463105116363244	25.0	389
GCF_001437605.1_ASM143760v1_genomic.fna	8.045503555035949e-05	8.045503555035949e-05		1764961.0	93.0	1.0	0	0.0090169467050421	6.823270914665896e-06	0.0	7.103927298235391e-05		0.0	0.0		False					0.0	0.0	0.0	0.0	1	106	0.9114488983748964	0.0	300
GCF_001438805.1_ASM143880v1_genomic.fna	8.781928051923732e-05	8.781928051923732e-05		2698724.0	71.0	1.0	0	0.0093955315683853	5.734397462853824e-06	0.0	7.75414182072609e-05		0.0	0.0		False					0.0	0.0	0.0	0.0	1	10	0.9233589763267724	0.0	46
GCF_001438845.1_ASM143884v1_genomic.fna	0.0025659139851845	0.0004161122405904	0.0027046655982662	2989578.0	103.0	2.0	0	0.1889646373721605	0.0001096672925457	0.0001401535601345	0.0022631372833945	0.0	0.9832935560859188	0.9832935560859188		False					7.0	7.0	7.0	1.0	28	33	0.9487517768733216	8.0	129
GCF_001591685.1_ASM159168v1_genomic.fna	0.0048045946261638	0.0005713139183939	0.003975535956296	2123176.0	139.0	2.0	0	0.2683736747089805	0.0001853997028715	0.0002590458822066	0.0042334705467544	0.0	0.9690909090909092	0.9690909090909092		False					17.0	17.0	17.0	5.0	39	101	0.9293523210045248	22.0	320
GCF_001591845.1_ASM159184v1_genomic.fna	0.0535162846741684	0.0092391143133902	0.0050678267836951	1955274.0	18.0	8.0	0	0.9426479546762562	0.0006747548308627	0.0032015973208869	0.046155748614075	0.0001273745349913	0.9888178913738018	0.9905750798722044		False	11.0	70.18181818181819	0.3120131910040566	1.0	70.0	59.0	59.0	50.0	395	593	0.9515517457250188	109.0	1495
GCF_001592085.1_ASM159208v1_genomic.fna	0.0002597689414098	0.0002597689414098		2209656.0	74.0	2.0	0	0.0161694830019043	1.091423289723331e-05	0.0	0.0002293496706071		0.0	0.0		False					0.0	0.0	0.0	0.0	2	6	0.9593969806141706	0.0	27
GCF_001654615.1_ASM165461v1_genomic.fna	9.736464149393962	0.4388807361527879	0.007041636992385	1612274.0	53.0	52.0	0	29.14658380434857	0.0230303602942711	0.286547447890371	0.999815396050998	0.0060782075420599	0.9827226819453976	0.9876058728162548		False	19563.0	95.715381076522	0.5751329519224424	0.9867723386852156	7982.0	5726.0	5651.0	7244.0	57783	72809	0.9767977347969856	12895.0	154048
GCF_001936335.1_ASM193633v1_genomic.fna	0.0163014049102308	0.0037296193627231	0.0132338964666416	1610352.0	1.0	1.0	0	0.4904418451662402	0.0003865041973693	0.0007600822677278	0.0142910401680512	0.0	0.9934640522875816	0.9967320261437908		False	144.0	89.61805555555556	0.3449217577417962	1.0	8.0	4.0	4.0	38.0	97	132	0.9562262619200392	42.0	563
GCF_001971585.1_ASM197158v1_genomic.fna	0.0004435363261775	0.0003444904028051		2534178.0	2.0	2.0	0	0.0253284953809795	1.591201563499541e-05	0.0	0.000391565894072		0.0	0.0		False					0.0	0.0	0.0	0.0	4	32	0.9379802989427516	0.0	302
GCF_002088015.1_ASM208801v1_genomic.fna	3.095496491494253	0.6232277479751559	0.004872564665723	2069542.0	129.0	113.0	2	6.165570453500771	0.0043128101013214	0.2250406128505727	0.934997100474021	0.0046030862194145	0.9950701155817414	0.997258073866674		False	3638.0	81.3785046728972	0.3100801456273025	0.9364776857346016	2296.0	1277.0	1261.0	3691.0	23790	25462	0.98723779118308	4952.0	54096
GCF_002157585.1_ASM215758v1_genomic.fna	0.0005566669286904	0.0002943757389472		2493412.0	161.0	2.0	0	0.0384740603706801	2.452412936670305e-05	0.0	0.0004914161135634		0.0	0.0		False					0.0	0.0	0.0	0.0	5	14	0.9433908045977012	0.0	71
GCF_002217945.1_ASM221794v1_genomic.fna	0.0025628358856903	8.682504752922861e-05	0.0231287938969158	2672040.0	87.0	1.0	0	0.1739567960972068	0.0001067673995533	8.008862142782292e-05	0.0022604254689766	0.0	0.9953271028037384	1.0		False					1.0	0.0	0.0	1.0	27	32	0.980053836922208	1.0	3133
GCF_002217985.1_ASM221798v1_genomic.fna	0.0003047082565291	0.0001501514179763		2723917.0	131.0	1.0	0	0.0270213329573338	1.6451619447451912e-05	0.0	0.0002690211978215		0.0	0.0		False					0.0	0.0	0.0	0.0	3	6	0.9298850574712644	0.0	34
GCF_002370355.1_ASM237035v1_genomic.fna	0.0004338347907711	0.0004338347907711		1943136.0	2.0	1.0	0	0.0208263252910962	1.494190136625746e-05	0.0	0.0003830027559623		0.0	0.0		False					0.0	0.0	0.0	0.0	3	55	0.9049394910387945	0.0	228
GCF_002583405.1_ASM258340v1_genomic.fna	0.0004232734701892	0.0001107845725224		2617693.0	86.0	1.0	0	0.0406046373058565	2.517954479699344e-05	0.0	0.0003736806381692		0.0	0.0		False					0.0	0.0	0.0	0.0	4	4	0.996551724137931	0.0	22
GCF_002706375.1_ASM270637v1_genomic.fna	2.942757835738636	0.3395639389184952	0.0065590378144384	2172769.0	1.0	1.0	0	8.774900325747	0.0059532689460689	0.1897523390659568	0.9256115929836696	0.0076232079878265	0.988134507916796	0.9912342828314188		False	3988.0	88.26404212637914	0.3415199962981648	0.9852282126468692	4892.0	3614.0	3588.0	4937.0	23873	27219	0.9785570034977252	8525.0	58851
GCF_002706425.1_ASM270642v1_genomic.fna	0.0076882732487934	0.0029124095208279	0.0097644991083107	2951508.0	1.0	1.0	0	0.1982774150202332	0.0001154160094486	0.0004285944676416	0.006765753804629	0.0	0.9952569169960472	0.9968379446640314		False					6.0	4.0	4.0	15.0	84	101	0.9762379056376116	19.0	355
GCF_002706745.1_ASM270674v1_genomic.fna	0.0001077654193701	0.0001077654193701		2551839.0	1.0	1.0	0	0.0103808598355111	6.498659709832942e-06	0.0	9.515233803292222e-05		0.0	0.0		False					0.0	0.0	0.0	0.0	1	4	0.9336206896551724	0.0	50
GCF_002849895.1_ASM284989v1_genomic.fna	0.0001190712608189	0.0001190712608189		2401923.0	2.0	1.0	0	0.0109122367439073	7.041586114115422e-06	0.0	0.0001051343962951		0.0	0.0		False					0.0	0.0	0.0	0.0	1	2	0.9224137931034484	0.0	77
GCF_002871555.1_ASM287155v1_genomic.fna	0.4946731821577853	0.0763559356258707	0.0047857585960968	1980920.0	87.0	26.0	0	2.7563866382972964	0.0019670825326635	0.0340649799083253	0.3538970482384405	0.0008330656485787	0.9829727326615292	0.9850326022525192		False	268.0	83.31716417910448	0.3554560250822318	0.992967322095432	1149.0	1010.0	1006.0	573.0	3606	5525	0.9495182271532286	1579.0	12584
GCF_002872255.1_ASM287225v1_genomic.fna	0.0006316096830295	0.0002865672381617	0.0057142855865615	2582291.0	64.0	2.0	0	0.0456727766242465	2.8492722536886497e-05	2.1686169374404105e-05	0.0005575558580479	0.0	1.0	1.0		False					0.0	0.0	0.0	0.0	6	12	0.9384819347197502	0.0	83
GCF_002907375.1_ASM290737v1_genomic.fna	0.0056579235913137	0.000907710543044	0.0010809599385632	1440988.0	22.0	3.0	0	0.2360951398189891	0.0001969795227448	0.000427484475929	0.0049834875470337	0.0	0.99512987012987	0.99512987012987		False					3.0	3.0	3.0	1.0	30	46	0.9559585480574924	4.0	327
GCF_002911475.1_ASM291147v1_genomic.fna	0.0345967967509491	0.0061194343906888	0.0079754525766199	2366722.0	82.0	15.0	0	0.7608661738650808	0.0004963004699402	0.002143048486472	0.0300870672171769	0.0014801261364849	0.9794952681388012	0.9863958990536276		False	194.0	89.58247422680412	0.3197000183244304	0.9835735670558496	104.0	69.0	69.0	88.0	304	989	0.9299510142713716	157.0	2632
GCF_002916935.1_ASM291693v1_genomic.fna	0.0002349935920728	0.0002349935920728		1838348.0	21.0	1.0	0	0.0153452346586885	1.1330692776581236e-05	0.0	0.0002074778153008		0.0	0.0		False					0.0	0.0	0.0	0.0	2	3	0.9508620689655172	0.0	82
GCF_002940945.1_ASM294094v1_genomic.fna	0.2490857446617735	0.0226172787320617	0.0037785684802121	1873656.0	23.0	15.0	0	2.801531562338782	0.0020492006215927	0.0136396435631727	0.1974352264541519	0.0018347569987979	0.9791047112224136	0.9810611989356708		False	366.0	95.84699453551912	0.4367423629102199	0.9688307560984898	534.0	484.0	480.0	189.0	1712	2587	0.947354611995434	669.0	6609
GCF_002970915.1_ASM297091v1_genomic.fna	0.0021456688594772	0.0005018444055122	0.0080054987380332	2552584.0	4.0	1.0	0	0.1165500999129411	7.296100041319176e-05	0.0002119420947557	0.0018928319327874	0.0	0.9833641404805914	0.9870609981515712		False					9.0	7.0	7.0	5.0	20	27	0.9436802576220542	12.0	101
GCF_002970935.1_ASM297093v1_genomic.fna	0.0033788640703572	0.0004766116505764	0.0027865910383521	2559736.0	4.0	1.0	0	0.2450922034318229	0.0001532145002732	0.0001906446602305	0.0029790906507101	0.0	1.0	1.0		False					0.0	0.0	0.0	1.0	31	38	0.948196638755729	1.0	132
GCF_002982135.1_ASM298213v1_genomic.fna	0.0012145113343578	0.0008732544102807		2312041.0	4.0	2.0	0	0.0446541007639675	2.9372358851975813e-05	0.0	0.0010718386783751		0.0	0.0		False					0.0	0.0	0.0	0.0	10	23	0.9588854463093812	0.0	234
GCF_003072625.1_ASM307262v1_genomic.fna	0.7978997976698771	0.1678009415982123	0.0064274931245458	2044184.0	1.0	1.0	0	2.7099967601541586	0.0018955276854218	0.0599212203989464	0.5056668129053674	0.0208740747637219	0.9876724630582088	0.9899420360845784		False	651.0	94.57603686635944	0.2402595463081329	0.991703732917181	1510.0	1232.0	1227.0	1192.0	6030	6903	0.9763746981779324	2419.0	15194
GCF_003584685.1_ASM358468v1_genomic.fna	0.0081449934765734	0.0050788797872867	0.0026968717575073	1937632.0	1.0	1.0	0	0.1317996988245044	9.468938495461568e-05	5.315766874205215e-05	0.0071662284878284	0.0	0.9902912621359224	0.9902912621359224		False					1.0	1.0	1.0	0.0	59	95	0.9570195690916076	1.0	369
GCF_003641145.1_ASM364114v1_genomic.fna	0.0062062698584456	0.0018292851271281	0.011212601175612	3368529.0	7.0	6.0	0	0.1838891432140262	0.0001002135105875	0.0005518729391968	0.0054651477304294	0.0	0.9800968262506696	0.9849381387842904		False					37.0	28.0	26.0	32.0	77	101	0.9699987570137356	58.0	295
GCF_003641185.1_ASM364118v1_genomic.fna	0.0013409152379776	0.0005572846997566	0.012959183634896	3671373.0	2.0	1.0	0	0.0693915023267791	3.621727361072729e-05	8.280280973902679e-05	0.0011833274703689	0.0	0.986842105263158	0.9901315789473684		False					4.0	3.0	3.0	3.0	18	33	0.948783142244543	6.0	168
GCF_003864415.1_ASM386441v1_genomic.fna	0.0006713226994447	0.0001146546424257	0.0	2529335.0	145.0	1.0	0	0.0632376698082821	3.999234270389614e-05	0.0001130731990819	0.0005926022854749	0.0	0.958041958041958	0.958041958041958		False					12.0	12.0	12.0	0.0	6	16	0.9111863711001644	12.0	203
GCF_003885105.1_ASM388510v1_genomic.fna	0.0208253075750933	0.0021058468118407	0.0021546401234716	2972201.0	158.0	7.0	0	0.8320495122867199	0.0004852116210964	0.0007623979670284	0.0182207051882961	0.0016685669226391	0.9752868490732568	0.9779346866725508		False	26.0	96.6923076923077	0.413223463406598	1.0	56.0	50.0	50.0	12.0	227	277	0.9607735986192624	62.0	698
GCF_003946025.1_ASM394602v1_genomic.fna	0.0002164323581725	0.0002164323581725		2605895.0	91.0	1.0	0	0.0147616762167002	9.176545363331038e-06	0.0	0.000191091511957		0.0	0.0		False					0.0	0.0	0.0	0.0	2	3	0.9465517241379312	0.0	48
GCF_003946085.1_ASM394608v1_genomic.fna	0.0016062701007153	0.0008292271102936	0.0167002725086623	2797786.0	62.0	3.0	0	0.072001112825468	4.3141634245126754e-05	9.936428304380676e-05	0.0014173311350904	0.0	1.0	1.0		False					0.0	0.0	0.0	4.0	16	22	0.9625	4.0	72
GCF_003946095.1_ASM394609v1_genomic.fna	0.001241176879285	0.0005541121382295	0.0324242431105989	2331658.0	67.0	2.0	0	0.0621216472847731	4.080018887167245e-05	5.66120760420265e-05	0.0010953588404792	0.0	0.9696969696969696	0.9696969696969696		False					4.0	4.0	4.0	1.0	13	34	0.9495992975734354	5.0	158
GCF_003946145.1_ASM394614v1_genomic.fna	0.0012374681793896	0.0004076879292945	0.0110192840749566	2290968.0	35.0	1.0	0	0.0693276278055702	4.587345258573649e-05	5.281610218911818e-05	0.0010920876401768	0.0	1.0	1.0		False					0.0	0.0	0.0	1.0	10	25	0.9464807302231236	1.0	70
GCF_003946165.1_ASM394616v1_genomic.fna	0.0002914909430098	0.0002426182100501		2864583.0	82.0	1.0	0	0.0197836221676896	1.1722545860636764e-05	0.0	0.0002573533816134		0.0	0.0		False					0.0	0.0	0.0	0.0	3	3	0.9919540229885055	0.0	19
GCF_003946175.1_ASM394617v1_genomic.fna	0.0013560937313864	0.0007795976635504	0.0025945946976945	2560295.0	55.0	2.0	0	0.0614846911770405	3.850853830376919e-05	7.225729847537099e-05	0.0011967141306644	0.0	0.9837837837837836	0.9837837837837836		False					3.0	3.0	3.0	1.0	13	15	0.9580332056194124	4.0	44
GCF_003946215.1_ASM394621v1_genomic.fna	0.0015481799287897	0.0006332482963118	0.0225128739110884	2318206.0	107.0	2.0	0	0.0777951777011567	5.133228711214544e-05	6.686204763511085e-05	0.0013661088996516	0.0	0.9870967741935484	1.0		False					2.0	0.0	0.0	6.0	13	65	0.946095382998555	6.0	240
GCF_003946245.1_ASM394624v1_genomic.fna	0.0005676737641688	0.0001908047516308	0.0	3375178.0	82.0	2.0	0	0.0492862008079208	2.6892721655844728e-05	5.658960801474556e-05	0.0005011303259936	0.0	1.0	1.0		False					0.0	0.0	0.0	0.0	7	18	0.9575280396134112	0.0	56
GCF_003946265.1_ASM394626v1_genomic.fna	0.0011846199137169	0.0004725857568666	0.0081481484956639	2693691.0	63.0	2.0	0	0.064590127320858	3.94466788379877e-05	6.905023627431648e-05	0.0010454724962379	0.0	1.0	1.0		False					0.0	0.0	0.0	2.0	12	17	0.9576175548589342	2.0	54
GCF_003946275.1_ASM394627v1_genomic.fna	0.0097490930487201	0.0023134563903533	0.012553069846522	2566290.0	143.0	5.0	0	0.2648237733692544	0.0001662408576494	0.0007395890565758	0.008571502557199	0.0	0.9915700737618546	0.9931506849315068		False					16.0	13.0	13.0	35.0	92	139	0.9593153204085384	48.0	440
GCF_003946325.1_ASM394632v1_genomic.fna	0.0063588549749956	0.0016904003412566	0.0028064925269454	2644344.0	95.0	3.0	0	0.1840184155205649	0.0001135712121346	0.0005528781429345	0.0055991350280285	0.0	0.9945280437756496	0.9952120383036936		False					8.0	7.0	7.0	4.0	62	188	0.9539283275948672	11.0	615
GCF_003946335.1_ASM394633v1_genomic.fna	0.0029746375980225	0.0003009555087993	0.0070382424097492	3007089.0	103.0	2.0	0	0.2406829709326122	0.0001392723733999	0.0001616180964381	0.0026231584903427	0.0	1.0	1.0		False					0.0	0.0	0.0	1.0	33	36	0.939301069329172	1.0	109
GCF_003946345.1_ASM394634v1_genomic.fna	0.0003535474680703	0.0002435467469953		2718164.0	43.0	3.0	0	0.0259075264796496	1.5738970598827944e-05	0.0	0.0003121336904465		0.0	0.0		False					0.0	0.0	0.0	0.0	5	8	0.962987256371814	0.0	77
GCF_003946385.1_ASM394638v1_genomic.fna	0.0052025820221887	0.0012717422720905	0.0049511455120527	2698660.0	152.0	5.0	0	0.2216516218904249	0.0001356928368263	0.0003420215959031	0.0045833441986697	0.0	0.9978331527627302	1.0		False					2.0	0.0	0.0	11.0	52	55	0.978168354712686	11.0	177
GCF_003946395.1_ASM394639v1_genomic.fna	0.0017945177812873	0.001019762872023	0.0208695660466733	2718279.0	54.0	4.0	0	0.0653516692155238	3.97167969545116e-05	2.538370785338804e-05	0.0015833044497761	0.0	0.9420289855072462	0.9855072463768116		False					4.0	1.0	1.0	3.0	20	69	0.9593444543856108	4.0	213
GCF_003946445.1_ASM394644v1_genomic.fna	0.0009702864583161	0.0003501983689445	0.0089521228782529	3038278.0	127.0	1.0	0	0.0617253326869477	3.556089954739731e-05	8.09669161281486e-05	0.0008563960261175	0.0	1.0	1.0		False					0.0	0.0	0.0	3.0	11	18	0.9405109986991624	3.0	77
GCF_003946545.1_ASM394654v1_genomic.fna	0.0008267158700624	0.0005119507795239		2185757.0	35.0	3.0	0	0.0440595629607787	2.9849419316957064e-05	0.0	0.0007297237353041		0.0	0.0		False					0.0	0.0	0.0	0.0	7	18	0.9466136101499424	0.0	77
GCF_003946555.1_ASM394655v1_genomic.fna	0.0001591525638756	0.0001591525638756		2632694.0	54.0	2.0	0	0.012640514232241	7.806516103571991e-06	0.0	0.0001405218397834		0.0	0.0		False					0.0	0.0	0.0	0.0	2	12	0.9321354434852582	0.0	123
GCF_003946575.1_ASM394657v1_genomic.fna	0.0010369808494601	0.0002023737555214	0.0064056942047173	2707861.0	41.0	1.0	0	0.0845806747960691	5.147740073262541e-05	0.0001037719439808	0.0009152350067884	0.0	1.0	1.0		False					0.0	0.0	0.0	3.0	10	19	0.9265587761083528	3.0	116
GCF_003946605.1_ASM394660v1_genomic.fna	0.0002342038655258	0.0002342038655258		2237367.0	17.0	2.0	0	0.015313565718607	1.0245615349010478e-05	0.0	0.0002067806311969		0.0	0.0		False					0.0	0.0	0.0	0.0	2	67	0.9367267445595806	0.0	226
GCF_003946655.1_ASM394665v1_genomic.fna	0.0035692133749261	0.002098712620352	0.0112820516029993	2639237.0	50.0	2.0	0	0.0943116683742126	5.816351475278751e-05	0.0001182159843924	0.0031466542834361	0.0	0.9903846153846152	0.9903846153846152		False					3.0	3.0	3.0	6.0	35	58	0.9453966332417898	9.0	209
GCF_003946675.1_ASM394667v1_genomic.fna	0.0035092542531793	0.0020109585332244	0.0011661807696025	2393386.0	77.0	2.0	0	0.0992729517648016	6.437635450761113e-05	8.774180178207763e-05	0.0030938755779547	0.0	1.0	1.0		False					0.0	0.0	0.0	0.0	31	60	0.9348275862068964	0.0	278
GCF_003946695.1_ASM394669v1_genomic.fna	0.0001168325702877	0.0001168325702877		2430829.0	63.0	1.0	0	0.0108363981621781	6.968452294382173e-06	0.0	0.0001031578384282		0.0	0.0		False					0.0	0.0	0.0	0.0	1	19	0.9226571657179756	0.0	190
GCF_003946725.1_ASM394672v1_genomic.fna	0.0027564831677225	0.0008249277524664	0.000681085811182	2825702.0	41.0	4.0	0	0.1477995039652366	8.805234713756632e-05	0.000165268665981	0.0024310149226089	0.0	0.9957173447537472	0.9957173447537472		False					2.0	2.0	2.0	0.0	29	46	0.952091816576102	2.0	197
GCF_003950295.1_ASM395029v1_genomic.fna	0.0017984267198313	0.0003168983469422	0.0115130199365252	2622292.0	89.0	2.0	0	0.1407517098246896	8.721521359950858e-05	0.0001300389125238	0.001586750571641	0.0	0.9853372434017594	0.997067448680352		False					5.0	1.0	1.0	7.0	17	61	0.961219304160374	8.0	241
GCF_004101845.1_ASM410184v1_genomic.fna	0.0001460980599742	0.0001460980599742		1916521.0	2.0	1.0	0	0.0120874813394433	8.73221589496943e-06	0.0	0.0001289962662233		0.0	0.0		False					0.0	0.0	0.0	0.0	1	59	0.90238372104781	0.0	241
GCF_004115745.1_ASM411574v1_genomic.fna	0.0005763368670476	0.0002673939782876		2430870.0	70.0	1.0	0	0.0394752005374143	2.5392051445277773e-05	0.0	0.0005087759831863		0.0	0.0		False					0.0	0.0	0.0	0.0	5	5	0.9903448275862068	0.0	11
GCF_004354555.1_ASM435455v1_genomic.fna	0.0006927001974032	0.0001533913582669	0.0	1844954.0	10.0	1.0	0	0.0565093333297103	4.162584414914554e-05	8.889110514408157e-05	0.0006114672519643	0.0	1.0	1.0		False					0.0	0.0	0.0	0.0	5	7	0.9487065982579644	0.0	46
GCF_004359375.1_ASM435937v1_genomic.fna	0.0069702987447646	0.0036172305636495		1616430.0	1.0	1.0	0	0.1287618172423197	0.000101282788515	0.0	0.0061358719701073		0.0	0.0		False					0.0	0.0	0.0	0.0	42	43	0.9963105917870708	0.0	156
GCF_004745505.1_ASM474550v1_genomic.fna	0.0009668241690015	0.0004072855688514	0.0069826225533869	2870222.0	67.0	2.0	0	0.060585909855727	3.584512667743901e-05	7.351347735471308e-05	0.0008533414381586	0.0	1.0	1.0		False					0.0	0.0	0.0	0.0	10	12	0.9790549169859516	0.0	31
GCF_004745525.1_ASM474552v1_genomic.fna	0.0071996811245816	0.001725448111059	0.0060874290153628	2601643.0	68.0	2.0	0	0.2256968534654324	0.0001402942411911	0.0005861680484217	0.0063371534385685	0.0	0.9901639344262296	0.9960655737704918		False					15.0	6.0	6.0	15.0	68	71	0.9505816365838906	21.0	189
GCF_004766315.1_ASM476631v1_genomic.fna	0.0007598039768943	0.0002306950874587	0.0093567250366497	2215045.0	95.0	1.0	0	0.0555792939302025	3.7505288159789664e-05	6.0043926872817e-05	0.0006706819038783	0.0	1.0	1.0		False					0.0	0.0	0.0	2.0	6	7	0.9577586206896552	2.0	57
GCF_005404815.1_ASM540481v1_genomic.fna	0.0147608812004268	0.0001551409202205	0.0133587787908785	3023058.0	66.0	1.0	0	1.1431561501010326	0.0006589199031278	0.0001551409202205	0.0129492852072656	0.0057714286304655	0.9744136460554372	0.9808102345415778		False	36.0	40.52777777777778	0.4419992936669594	0.92365340947038	12.0	9.0	8.0	11.0	164	174	0.9446829847557684	19.0	426
GCF_005404945.1_ASM540494v1_genomic.fna	0.0004717575732458	6.458174684991305e-05	0.0033890096580281	2895555.0	59.0	1.0	0	0.0378205299675745	2.227145062509497e-05	3.5226407372679824e-05	0.0004164751872983	0.0	0.9803921568627452	0.9803921568627452		False					2.0	2.0	2.0	1.0	18	32	0.9517133236912592	3.0	166
GCF_005405005.1_ASM540500v1_genomic.fna	0.0001101436615171	0.0001101436615171		2632925.0	19.0	1.0	0	0.0105019374733515	6.476850809095659e-06	0.0	9.725212382516446e-05		0.0	0.0		False					0.0	0.0	0.0	0.0	1	5	0.948929721990216	0.0	19
GCF_005405085.1_ASM540508v1_genomic.fna	0.0001907930432086	0.0001006573591928		2851257.0	46.0	1.0	0	0.0192932356757592	1.14442873534182e-05	0.0	0.0001684560668363		0.0	0.0		False					0.0	0.0	0.0	0.0	2	2	0.9620689655172414	0.0	21
GCF_005405145.1_ASM540514v1_genomic.fna	0.0017409401190803	0.0009617980657869	0.0024691359202067	1751927.0	45.0	1.0	0	0.0752927983264106	5.703139099337868e-05	0.0001284300087846	0.0015360691613973	0.0	0.9955555555555556	0.9955555555555556		False					1.0	1.0	1.0	0.0	11	15	0.9322226971913492	1.0	46
GCF_005405165.1_ASM540516v1_genomic.fna	0.0011373898010885	0.0004272678400134	0.00400232675812	2845990.0	99.0	1.0	0	0.062600373476616	3.723714049696564e-05	6.711197158106658e-05	0.0010038110386475	0.0	1.0	1.0		False					0.0	0.0	0.0	1.0	12	15	0.9328821570523148	1.0	62
GCF_005405185.1_ASM540518v1_genomic.fna	0.0057693252812328	0.0007560391677065	0.0125335173873569	2706209.0	154.0	3.0	0	0.306980071016969	0.0001876787799487	0.0003831928723908	0.0050813602112302	0.0	0.9942140790742526	0.995178399228544		False	15.0	15.933333333333334	0.2793181820637062	1.0	6.0	5.0	5.0	25.0	58	72	0.9675529074443936	30.0	196
GCF_005405405.1_ASM540540v1_genomic.fna	0.0002871041366166	0.0001933336808994		2762064.0	77.0	1.0	0	0.0224049154994234	1.351887715601363e-05	0.0	0.0002534808209392		0.0	0.0		False					0.0	0.0	0.0	0.0	3	13	0.9345306513409962	0.0	55
GCF_005405425.1_ASM540542v1_genomic.fna	0.0001033015014364	0.0001033015014364		2749234.0	37.0	1.0	0	0.0101769138445135	6.146043054982603e-06	0.0	9.121106578613424e-05		0.0	0.0		False					0.0	0.0	0.0	0.0	1	1	1.0	0.0	28
GCF_005405445.1_ASM540544v1_genomic.fna	0.0141635460906858	0.0022190391149513	0.0126626388464678	1994557.0	112.0	5.0	0	0.5043720594344095	0.0003591537352118	0.0007189566404971	0.0124285310427161	0.0	0.9769874476987448	0.98744769874477		False	38.0	43.05263157894737	0.698378495022266	1.0	33.0	18.0	18.0	38.0	105	129	0.96553141559959	56.0	358
GCF_005405465.1_ASM540546v1_genomic.fna	0.000140280652462	0.000140280652462		1974613.0	43.0	1.0	0	0.0118690537056308	8.464923016334933e-06	0.0	0.0001238601448227		0.0	0.0		False					0.0	0.0	0.0	0.0	1	16	0.9429348742250276	0.0	71
GCF_005405545.1_ASM540554v1_genomic.fna	0.0033081360970386	0.000747265125368	0.0019095384382775	1814617.0	28.0	4.0	0	0.1765784843985844	0.0001312854450885	0.0002468840532189	0.0029168219584168	0.0	0.9888392857142856	0.9888392857142856		False					5.0	5.0	5.0	0.0	22	29	0.9738984674329504	5.0	92
GCF_006777025.1_ASM677702v1_genomic.fna	0.0010172693208913	0.0010172693208913		1937540.0	3.0	2.0	0	0.0318833649293997	2.290900242356594e-05	0.0	0.0008978455056494		0.0	0.0		False					0.0	0.0	0.0	0.0	7	48	0.9515996859069225	0.0	329
GCF_007095465.1_ASM709546v1_genomic.fna	0.0053455046238223	0.0012946943413851	0.0048683520158131	1661396.0	44.0	5.0	0	0.1781231190634636	0.0001385597445838	0.0004514275946252	0.004708958508391	0.0	0.9866666666666668	0.9866666666666668		False					10.0	10.0	10.0	4.0	35	63	0.9525085297755655	14.0	300
GCF_007115095.1_ASM711509v1_genomic.fna	0.0006580192218604	0.0004743480161552		3065260.0	57.0	2.0	0	0.033306258439506	1.9059054720669627e-05	0.0	0.0005808622070946		0.0	0.0		False					0.0	0.0	0.0	0.0	8	10	0.9547608911593586	0.0	34
GCF_007570935.1_ASM757093v1_genomic.fna	0.0045757290142487	0.0025768909051901	0.005274725484324	2074205.0	3.0	1.0	0	0.1049312314695685	7.286884046034342e-05	8.774446113087501e-05	0.0040322174116783	0.0	0.9890109890109868	1.0		False					2.0	0.0	0.0	2.0	37	73	0.9489884510752667	2.0	327
GCF_007954625.1_ASM795462v1_genomic.fna	0.0001577503237517	0.0001577503237517		1787635.0	4.0	1.0	0	0.012561689540744	9.397361892907665e-06	0.0	0.0001392838349786		0.0	0.0		False					0.0	0.0	0.0	0.0	1	1	0.996551724137931	0.0	12
GCF_007990205.1_ASM799020v1_genomic.fna	0.0072812883334306	0.0010676852512641	0.0009859894285139	1968745.0	111.0	4.0	0	0.3333322965330001	0.00023891602579	0.0003834930374426	0.0064087533742476	0.0	0.9933774834437086	0.9947019867549668		False					5.0	4.0	4.0	1.0	52	55	0.9696354679802957	5.0	136
GCF_009600965.1_ASM960096v1_genomic.fna	0.0006889741080812	0.000352929354827		2428248.0	35.0	2.0	0	0.040081729755559	2.5758875956749057e-05	0.0	0.0006081791214948		0.0	0.0		False					0.0	0.0	0.0	0.0	7	105	0.943509191353235	0.0	783
GCF_009600985.1_ASM960098v1_genomic.fna	0.002232522627536	0.0008208062250506	0.0105427184525658	2844764.0	306.0	6.0	0	0.1054195144645948	6.318594485038909e-05	0.0001195178229195	0.0019693757099686	0.0	0.9970588235294118	1.0		False					1.0	0.0	0.0	5.0	23	107	0.9528816840872568	5.0	427
GCF_009663775.1_ASM966377v1_genomic.fna	0.0433364424175587	0.0137719464103647	0.0085335548946193	2210726.0	127.0	17.0	0	0.5008923907582855	0.0003388335587442	0.0025765291582946	0.0375431823969982	0.0	0.9819171348314606	0.9857794943820224		False					103.0	81.0	80.0	83.0	356	571	0.9546642689743896	163.0	1499
GCF_009676745.1_ASM967674v1_genomic.fna	0.0001083957642601	0.0001083957642601		1854316.0	3.0	1.0	0	0.0104124488916364	7.647709813948927e-06	0.0	9.57088794546479e-05		0.0	0.0		False					0.0	0.0	0.0	0.0	1	3	0.9078209147174664	0.0	14
GCF_009687905.1_ASM968790v1_genomic.fna	0.0006769954491997	0.0001325356649792	0.004	2444625.0	40.0	1.0	0	0.060714046243346	3.889510231868952e-05	0.0001022651735951	0.0005976083426034	0.0	0.96	0.96		False					10.0	10.0	10.0	1.0	6	17	0.9224362414844234	11.0	74
GCF_009695655.1_ASM969565v1_genomic.fna	0.0094710452443692	0.0024181817818034	0.0052213343269621	2498985.0	77.0	3.0	0	0.2346986530027758	0.0001489262213363	0.0008923622990934	0.0083280609055765	0.0	0.994170403587444	0.9950672645739912		False					13.0	11.0	11.0	10.0	87	121	0.9392499177079328	21.0	414
GCF_009695985.1_ASM969598v1_genomic.fna	0.4303040658302957	0.0241733180258037	0.0064201574494207	2188901.0	80.0	37.0	0	6.29993084370873	0.0042738169006656	0.0138407356020212	0.3161102031990068	0.0043465780702631	0.9805254819118036	0.9856416688671772		False	1534.0	115.96675358539764	0.6892053087741827	0.995706616142206	590.0	435.0	427.0	427.0	3469	4694	0.9577610350956084	854.0	12004
GCF_009764355.1_ASM976435v1_genomic.fna	0.0041885858333031	0.0028238355834097	0.0	3699578.0	79.0	13.0	0	0.0893790069817146	4.656813649735684e-05	7.568430777780532e-06	0.0036916901851955	0.0	1.0	1.0		False					0.0	0.0	0.0	0.0	57	66	0.9765355603448276	0.0	172
GCF_009864005.1_ASM986400v1_genomic.fna	0.0020940925586715	0.0007387686311301	0.0013435262377999	2732926.0	30.0	3.0	0	0.1013472668843213	6.137273033010352e-05	0.0001028202007665	0.0018473752272046	0.0	0.98576512455516	0.98576512455516		False					4.0	4.0	4.0	0.0	21	33	0.941292392856373	4.0	114
GCF_012641075.1_ASM1264107v1_genomic.fna	0.0018096874664375	0.0005615477852616	0.0044928894767278	2607080.0	139.0	1.0	0	0.0955440206677517	5.94914223173686e-05	0.0001212084017368	0.0015966779840983	0.0	0.9968354430379748	0.9968354430379748		False					1.0	1.0	1.0	1.0	17	18	0.9489858012170383	2.0	63
GCF_012641185.1_ASM1264118v1_genomic.fna	0.2481372767784523	0.0027236119473021	0.0102382782406242	2612707.0	87.0	8.0	0	6.91738533722144	0.004293858055418	0.0023890929981815	0.196762799212219	0.0057229731999312	0.975648830503044	0.9838192886895226		False	768.0	116.94791666666669	0.3070913627420461	0.941308845633849	152.0	101.0	93.0	164.0	2364	3070	0.9609117625727148	257.0	8476
GCF_012843675.1_ASM1284367v1_genomic.fna	3.919311900699031	0.6868475316705716	0.0022779761101545	1979598.0	54.0	47.0	3	4.556843552279851	0.003247608347083	0.3582484928758263	0.9685938771017334	0.0001620627824945	0.9886800115061168	0.989342741275938		False	809.0	118.4017305315204	0.129689814875857	0.918894153513404	8028.0	7558.0	7544.0	2057.0	28617	30322	0.9803778330369284	9601.0	63038
GCF_013346925.1_ASM1334692v1_genomic.fna	8.328210134622043e-05	8.328210134622043e-05		1729063.0	17.0	1.0	0	0.0091345073891283	6.953560914966928e-06	0.0	7.35353916292425e-05		0.0	0.0		False					0.0	0.0	0.0	0.0	1	22	0.9091008711913884	0.0	293
GCF_013394045.1_ASM1339404v1_genomic.fna	0.0006323601991186	0.0005924781732191		2607691.0	3.0	2.0	0	0.0266812307963146	1.6524481745194043e-05	0.0	0.0005582181940396		0.0	0.0		False					0.0	0.0	0.0	0.0	6	31	0.9539971007124228	0.0	178
GCF_013487845.1_ASM1348784v1_genomic.fna	0.1718746285904447	0.0432037308261244	0.0052683979317085	2187612.0	2.0	1.0	0	2.2137703692949184	0.0014968808402187	0.0080059900933071	0.1408100885106471	0.0121367273186192	0.9880095923261388	0.9894370218111224		False	841.0	136.45184304399524	0.0898689483823184	0.8874447825157756	210.0	185.0	185.0	178.0	1393	2462	0.955168494054419	363.0	6320
GCF_013607485.1_ASM1360748v1_genomic.fna	0.0015284626324113	0.0002979394551584	0.0040678897690692	1805736.0	164.0	2.0	0	0.0811295313527768	6.093019393659031e-05	0.0001644758702268	0.0013487221600602	0.0	0.9865319865319864	0.9932659932659932		False					4.0	2.0	2.0	3.0	11	22	0.950057471264368	5.0	162
GCF_013694365.1_ASM1369436v1_genomic.fna	5.188136936529178	0.6326192052710236	0.0051974864205673	2085667.0	1.0	1.0	2	11.701624690011435	0.0081029770307842	0.354423788648907	0.9897566331037914	0.0107163866893918	0.995748163580038	0.9980600911784202		False	7280.0	96.81923076923076	0.3209546872243435	0.9740159858852658	3143.0	1434.0	1411.0	6827.0	39974	43446	0.9881279632856758	8238.0	93329
GCF_014058425.1_ASM1405842v1_genomic.fna	0.0012446223544265	0.0004164759487141	0.0045194547481602	2497143.0	2.0	2.0	0	0.079101226681312	5.00606385516934e-05	0.0001157322588253	0.0010983978579364	0.0	0.9653979238754092	0.9653979238754092		False					10.0	10.0	10.0	2.0	11	15	0.970023510971787	12.0	81
GCF_014131735.1_ASM1413173v1_genomic.fna	0.0084205240736285	0.0008993420004097	0.005847368944849	3250154.0	2.0	1.0	0	0.5395882028039836	0.0002993210563924	0.0002249124195345	0.0074077491267	0.0037289256891928	0.9863201094391244	0.990424076607387		False	13.0	45.92307692307692	0.3755644152500739	1.0	10.0	7.0	6.0	13.0	101	118	0.9762389281614252	19.0	415
GCF_014145435.1_ASM1414543v1_genomic.fna	0.0097045850296385	0.0028867164239906	0.0012772576137414	2307466.0	61.0	14.0	0	0.2438948352553855	0.0001609852871592	0.0006708657895717	0.0085325380757209	0.0	0.9890180878552968	0.9890180878552968		False					17.0	17.0	17.0	0.0	83	172	0.9458795053055052	17.0	547
GCF_014145505.1_ASM1414550v1_genomic.fna	0.0762551057068809	0.0219012007204089	0.0041370309447296	1720134.0	44.0	22.0	0	0.7147598914046926	0.0005463776321099	0.0051641325617655	0.065116408336681	0.0	0.9839018349656646	0.9854778790949004		False	3.0	58.66666666666666	0.1039597657244716	1.0	143.0	129.0	125.0	53.0	482	1119	0.9415363146623624	178.0	3073
GCF_014145545.1_ASM1414554v1_genomic.fna	0.0658887920048292	0.0169030786773089	0.0058157437858681	1863625.0	67.0	23.0	0	0.8159116601768375	0.0005998338697313	0.0040619759876584	0.0565197087229616	0.0	0.9820343461030382	0.984676354029062		False	109.0	81.46788990825688	0.3355593101215148	1.0	136.0	116.0	116.0	85.0	452	753	0.9570307911436412	201.0	1895
GCF_014145615.1_ASM1414561v1_genomic.fna	0.3043017454568432	0.0736728122908654	0.0039815130608683	2088966.0	76.0	24.0	0	1.5707436371235508	0.0010907507968302	0.0229166008446283	0.2356262755097343	0.0	0.9836021056149732	0.9855030080213903		False	18.0	53.22222222222222	0.5240110595693144	1.0	785.0	694.0	689.0	304.0	2350	3032	0.9715716563997916	993.0	6901
GCF_014634745.1_ASM1463474v1_genomic.fna	0.0007333687055302	0.0002800829083579	0.0	2095808.0	29.0	2.0	0	0.0549723002285737	3.802507150179669e-05	6.202858277094084e-05	0.0006473549422999	0.0	0.9846153846153846	0.9846153846153846		False					2.0	2.0	2.0	0.0	9	15	0.9722480295809328	2.0	38
GCF_014635905.1_ASM1463590v1_genomic.fna	0.1521383167756697	0.0224358002476068	0.0037449594074516	2308498.0	25.0	11.0	0	1.361430320788239	0.0008970188990597	0.0119415308135419	0.1257056137902563	0.0	0.9823339500126964	0.9847281169514274		False	2.0	84.0	1.0000000000000004	1.0	487.0	421.0	420.0	162.0	1296	1771	0.9596462773168164	582.0	4044
GCF_900103655.1_IMG-taxon_2597490363_annotated_assembly_genomic.fna	0.1396817286253172	0.0124029778014611	0.0053582593972774	2281952.0	84.0	28.0	0	3.0007114741006458	0.0019937727674457	0.0057748804532259	0.1160360222940289	0.0008768036044275	0.9758688723630292	0.9796630748216724		False	252.0	92.4563492063492	0.4901409560380826	0.926607777638544	318.0	268.0	266.0	140.0	1187	1747	0.9462470820100468	406.0	4510
GCF_900110005.1_IMG-taxon_2654588114_annotated_assembly_genomic.fna	0.0177964859715686	0.0020001845489136	0.0118799049790658	1842330.0	28.0	3.0	0	0.6277245970907397	0.0004631765942852	0.0008543529118019	0.0155914717590138	0.0	0.9701397712833544	0.9847522236340532		False	157.0	71.7515923566879	0.6096461549646519	1.0	47.0	24.0	23.0	52.0	122	262	0.9427768258478976	75.0	745
GCF_900113455.1_IMG-taxon_2593339155_annotated_assembly_genomic.fna	0.018312004247172	0.0006432581540698	0.0107865869016438	2038062.0	58.0	2.0	0	0.8670107264401431	0.0006090533628865	0.0005358031306211	0.0160394751434097	0.0077156399098617	0.9679487179487178	0.9716117216117216		False	126.0	60.77777777777778	0.3965171256951283	0.9698758209402318	35.0	31.0	30.0	33.0	139	536	0.9237100491232848	63.0	1766
GCF_900156885.1_PRJEB18962_genomic.fna	0.097882913263671	0.011387939484224	0.0110492476022959	2237367.0	11.0	6.0	0	1.7300122969341016	0.0011571623607148	0.0044985914246522	0.0828008111836428	0.0022125271925247	0.9880774962742176	0.9942374565325384		False	110.0	105.26363636363637	0.4772023008041499	1.0	120.0	58.0	58.0	209.0	815	1280	0.952352483850838	267.0	3320
GCF_900240275.1_PRJEB20106_genomic.fna	0.1250371650306108	0.0119029389420999	0.0081295932952004	1678325.0	16.0	2.0	0	1.8115024287791983	0.0013996370820572	0.0059589173729759	0.1045311263590424	0.0224681389444634	0.9945005499450056	0.9964003599640036		False	692.0	125.82225433526013	0.0896225625475297	0.903839400740519	55.0	36.0	34.0	164.0	767	823	0.9876464099831777	198.0	1808
GCF_900765635.1_SRS294961_28_genomic.fna	0.0594898472898137	0.0053938095703887	0.0050065667560553	2228666.0	324.0	7.0	0	1.1724250282159927	0.0007970214319236	0.0033329354869684	0.0511737030916007	0.0089805137576799	0.9938072159396876	0.995288099084545		False	60.0	42.68333333333333	0.5460438473278751	1.0	46.0	35.0	35.0	74.0	493	622	0.9501937654097836	109.0	1479
S10C1039.fna	0.2936148755551812	0.0981051560426251	0.0031545848363841	1757084.0	78.0	70.0	0	2.2650571542054143	0.0017164041083591	0.0100883053968961	0.2283791180336918	0.0016022651806752	0.989789010493061	0.9902967392530746		False	271.0	113.77490774907749	0.1132515759576682	1.0	181.0	172.0	172.0	124.0	1891	2014	0.9883862035026232	296.0	4288
S10C1297.fna	0.0546295451216949	0.0146226044653678	0.0050388668930249	1884548.0	176.0	47.0	0	0.8047147350334924	0.00059174248358	0.0027560985445846	0.047092925372049	0.0	0.99268386599923	0.994224104736234		False	20.0	21.25	0.2480563740861224	1.0	38.0	30.0	30.0	44.0	378	409	0.9859150753828934	74.0	1000
S10C3913.fna	0.4674191964204514	0.1555102857454664	0.0034191381882194	1374475.0	16.0	16.0	0	3.01608208389305	0.0025756155357359	0.0162476581967659	0.3381598056434076	0.0004148273919372	0.9858946802794196	0.9882679562958984		False	3.0	69.66666666666667	0.5022522522522527	1.0	315.0	262.0	261.0	124.0	2348	2525	0.981108697237402	385.0	5268
S12C1500.fna	0.0075385504493151	0.0032602328344149	0.0	1524431.0	53.0	5.0	0	0.1627521656551604	0.0001322781835218	0.0003903095646834	0.0066344343603732	0.0	0.9714285714285712	0.9714285714285712		False					17.0	17.0	17.0	0.0	42	82	0.9373337857550768	17.0	226
S13C2782.fna	37.66118916012141	0.9007245643491294	0.0067580070772991	1353779.0	44.0	44.0	30	34.50330148310164	0.0297511023950182	0.8229659346170978	0.9999999999999964	0.0057375929474684	0.9928113281046644	0.99650305085476		False	51347.0	86.97277348238455	0.5947658173301872	0.9912834373930302	8009.0	3896.0	3848.0	17634.0	187461	194517	0.9894616356903688	21482.0	392928
S14C1039.fna	0.1604198502189689	0.0802466798241119	0.0014832253194847	1795688.0	39.0	37.0	0	0.6897770798817581	0.0005158681630815	0.0058339756126899	0.1320756545527137	0.0	0.9932226040473464	0.9939862542955328		False					71.0	63.0	63.0	16.0	1056	1147	0.986264413845614	79.0	2463
S14C330.fna	0.030891228339468	0.007802959640867	0.0082042055920246	1615669.0	51.0	6.0	0	0.566231628213976	0.0004468824480096	0.0018636242943325	0.0269082980452447	0.0	0.9857190302225174	0.992361341746928		False	6.0	20.166666666666668	0.5627952091767879	1.0	43.0	23.0	23.0	52.0	183	266	0.9437130404235632	75.0	716
S14C589.fna	9.753087596884086	0.9374266943442784	0.0036969901854398	1740998.0	132.0	132.0	9	6.893609922782792	0.0052646035866709	0.7651341357083695	0.999818085970532	6.075760269925115e-05	0.9969183925795192	0.998408524304161	3.1073785245002994	False	818.0	73.37530562347189	0.3661734350598081	0.9782481769562807	4105.0	2120.0	2107.0	8621.0	62061	62723	0.992538283882337	10728.0	128643
S15C1039.fna	0.1982523690865255	0.0896498384411797	0.002605444334321	1731258.0	71.0	64.0	0	0.8779639465812297	0.0006700146918452	0.0093717978487319	0.1605906942095594	0.0	0.9924191063174114	0.9934052388289676		False	1.0	16.0	0.1238095238095239	1.0	123.0	107.0	107.0	57.0	1261	1361	0.9862509352359112	164.0	2808
S16C442.fna	11.735388537617087	0.928759964738935	0.0051886469229683	1576810.0	164.0	164.0	11	8.546858146748589	0.006878307418313	0.7913940170343923	0.999968399830666	0.0019552056307388	0.9965637666502656	0.9988043702990196		False	3455.0	55.00434153400868	0.3583066272930429	0.9921943134155384	4288.0	1492.0	1483.0	12416.0	68125	68705	0.9917077157595156	13899.0	139186
S16C670.fna	0.0313481109688572	0.0158858222769491	0.0021801698961637	1962064.0	62.0	43.0	0	0.3060269504070628	0.0002191693903449	0.0010881398364171	0.0273007906868471	0.0	0.9817330210772832	0.982669789227166		False					39.0	37.0	37.0	6.0	231	274	0.9863349716307108	43.0	564
S18C2441.fna	2.3386826330021373	0.5908792724095268	0.0041373263513807	1524374.0	45.0	45.0	1	12.91921867768636	0.0104948558285593	0.1568611115120042	0.8731889080604557	0.0003653170397467	0.9948225749116534	0.9967086966522384		False	46.0	132.69565217391303	0.5478057650115458	0.9840726506720184	1238.0	787.0	782.0	1318.0	13203	14038	0.9888173078077548	2100.0	28716
S20C3157.fna	31.16204684874537	0.8461730346316718	0.0068276383453392	1503306.0	33.0	33.0	24	31.509770720250756	0.0257559242012192	0.7525879627966628	0.9999999999988782	0.0060324088169201	0.9921139856987546	0.9958298346252772		False	51465.0	87.0850092295735	0.5791573278787825	0.9884723434591725	8922.0	4718.0	4661.0	18190.0	172211	180353	0.9879187132079646	22851.0	366076
S24C362.fna	26.34561158703127	0.9557403605118608	0.0059434644007964	1781578.0	116.0	116.0	24	18.858145937544737	0.0142214210634359	0.8956700183769669	0.9999999999211264	0.0060803324938427	0.9966541455631552	0.9988061710615864		False	45382.0	85.20089462782602	0.3210478590237082	0.9582061084168336	5339.0	1905.0	1881.0	22740.0	173561	176620	0.9911669173214792	24621.0	359238
S28C2674.fna	0.4586630498697851	0.1865005382311275	0.0047726805848842	1375803.0	33.0	32.0	0	1.5664339083582912	0.0013386847414207	0.0196808700082787	0.3330228376680113	0.0020836787540959	0.9865199246593048	0.989215939727444		False	418.0	92.92105263157896	0.2358119646459578	0.9526114388643758	365.0	292.0	290.0	239.0	2298	2454	0.9823806950395844	529.0	5058
S2C1297.fna	0.028650583254726	0.0151120660311794	0.0011308734096697	1900799.0	68.0	43.0	0	0.2735917627667394	0.0001991564075852	0.0005287250256339	0.0249811404214927	0.0	0.9870646766169154	0.9870646766169154		False					13.0	13.0	13.0	0.0	204	240	0.9855572314525376	13.0	520
S2C205.fna	3.4427493866956613	0.740753376734187	0.0045177063797997	1615022.0	77.0	77.0	2	4.734943143030254	0.0037437446568614	0.2777107680266894	0.9521626090799932	0.0009849662729693	0.996189597087238	0.9980111881812852		False	1468.0	95.08038147138964	0.4215809603805713	0.9683722207504496	1709.0	892.0	890.0	3022.0	20585	21358	0.9908269537420076	3912.0	44255
S2C3320.fna	1.5678254800953388	0.4588082043517604	0.0044290774435941	2028972.0	62.0	54.0	0	2.9195902366998454	0.0020559622867808	0.1121863682692515	0.7495234307910945	0.0001109888664796	0.9931465625178476	0.9953387838663053		False	150.0	75.46666666666667	0.587630402811669	0.9961161769672408	1560.0	1061.0	1053.0	1453.0	11835	12687	0.977787880865718	2506.0	26445
S33C4056.fna	0.4461069813349392	0.1826704314086475	0.0038684385322468	1338383.0	21.0	21.0	0	1.2513992069466928	0.0010833987666815	0.0224838480464859	0.3255869112690298	0.0	0.9889339359298152	0.9909610527715008		False					333.0	272.0	271.0	160.0	2172	2273	0.9846738810027692	431.0	4600
S36C1134.fna	1.5827595601763869	0.4674050877729977	0.0026273688652841	1783806.0	78.0	66.0	0	3.0645218891118144	0.0023046045798457	0.1117957894524404	0.7528047309269521	9.4761668193074e-05	0.9946946675893332	0.9957978558032714		False	1376.0	131.48037790697674	0.1298798337162941	0.8900965824300516	1058.0	838.0	836.0	755.0	10303	10567	0.9880573631450704	1591.0	21896
S42C891.fna	0.1870524271406149	0.0502218809634037	0.0084467263352333	1771220.0	32.0	32.0	0	2.0440014640790025	0.0015386190923042	0.0066276351893045	0.1522481308692225	0.0018794750632575	0.9858591021381718	0.9902035948547576		False	489.0	95.41513292433538	0.2318520862205782	0.9890086120048748	166.0	115.0	112.0	231.0	1228	1493	0.9830071850898237	343.0	3483
S49C1120.fna	0.0004640604264333	0.0003506027670649		2150582.0	94.0	3.0	0	0.0263979209973799	1.8080000211525855e-05	0.0	0.0004096814141829		0.0	0.0		False					0.0	0.0	0.0	0.0	4	4	0.9931034482758622	0.0	8
S4C569.fna	1.5552574696173322	0.5089442000153267	0.0027430648788131	1644194.0	55.0	51.0	1	2.355166253478071	0.0018429044338061	0.1062021878196854	0.74672827270462	0.0	0.9955273541522304	0.996535274343277		False	8.0	109.125	0.6324706583673974	1.0	781.0	605.0	603.0	596.0	9658	9849	0.9925229337837056	1199.0	20022
S52C595.fna	30.24869233459965	0.9973782775888056	0.0057788125165004	1721006.0	108.0	108.0	29	13.540489019607374	0.0103868988762916	0.9891342621699168	0.9999999999974872	0.0061804795856525	0.9990413004477456	0.9999013103402092	2.327331803220968	False	42296.0	72.10967940230755	0.5762574127824907	0.9935872533634132	1632.0	168.0	162.0	26202.0	190823	193814	0.9939022144340685	26364.0	392831
S5C1113.fna	0.5172259787435802	0.1750765095807538	0.0030206957437295	1744226.0	66.0	60.0	0	1.8122001290516352	0.0013773822655186	0.0311588062556113	0.3666363525399546	0.0001443618860599	0.9913520276735114	0.9928608228453668		False	93.0	106.0752688172043	0.0977931909055552	1.0	470.0	388.0	385.0	238.0	3306	3509	0.98642990808637	623.0	7585
S9C3913.fna	0.3079286608510621	0.1453133186943287	0.0038517699043995	1250085.0	122.0	117.0	0	0.9501076550424712	0.0008581902156805	0.0113096309450957	0.2380703173431887	0.0	0.9875512802376574	0.9898854151930966		False					176.0	143.0	142.0	81.0	1413	1477	0.9851759184808528	223.0	2996
