genome	coverage	breadth	nucl_diversity	length	true_scaffolds	detected_scaffolds	coverage_median	coverage_std	coverage_SEM	breadth_minCov	breadth_expected	nucl_diversity_rarefied	conANI_reference	popANI_reference	iRep	iRep_GC_corrected	linked_SNV_count	SNV_distance_mean	r2_mean	d_prime_mean	consensus_divergent_sites	population_divergent_sites	SNS_count	SNV_count	filtered_read_pair_count	reads_unfiltered_pairs	reads_mean_PID	reads_unfiltered_reads	divergent_site_count
GCA_001311425.1_ASM131142v1_genomic.fna	0.0003758198005529	0.0001106525142211		3009421.0	108.0	1.0	0	0.0374685194559323	2.167650785923148e-05	0.0	0.0003317938281376		0.0	0.0		False					0.0	0.0	0.0	0.0	4	6	0.9461177067175754	21	0.0
GCA_001311745.1_ASM131174v1_genomic.fna	0.0021894633176964	0.0004036798011817	0.0041214090687721	2501983.0	141.0	3.0	0	0.1559920786638	9.917948131619798e-05	0.00016347033533	0.0019314284963459	0.0	1.0	1.0		False					0.0	0.0	0.0	1.0	20	24	0.9550498838948904	70	1.0
GCA_001311765.1_ASM131176v1_genomic.fna	0.8641161659663296	0.0169309980754508	0.005568464638772	2025929.0	114.0	27.0	0	12.025872179721842	0.008496933761772	0.0126978783560529	0.5337412654350742	0.0053586973021808	0.9776093294460642	0.9809523809523808		False	1961.0	116.67261601223863	0.4952645687171736	0.9880130859386572	576.0	490.0	477.0	373.0	6406	10694	0.9593186872651654	24582	850.0
GCA_001435375.1_ASM143537v1_genomic.fna	0.1041675422197337	0.0153586694666288	0.004899631189205	1475258.0	31.0	19.0	0	1.5802800444119691	0.0013038112752473	0.0052987341875115	0.0878765532414468	0.0011642790801292	0.9799155686324676	0.9824740949213252		False	58.0	66.17241379310344	0.4934217198782268	1.0	157.0	137.0	136.0	74.0	561	911	0.947433274190152	2074	210.0
GCA_002299975.1_ASM229997v1_genomic.fna	0.8502975652984683	0.0997341442005216	0.0032391347824457	1190495.0	150.0	90.0	0	3.870156581945893	0.0035925852849376	0.0575978899533387	0.5280172072779852	0.0002377758950201	0.9757911623158816	0.9771766078459968		False	234.0	58.35042735042735	0.4968540768133802	0.9959833072509128	1660.0	1565.0	1575.0	397.0	3698	13709	0.926474215453548	35786	1972.0
GCA_003666485.1_ASM366648v1_genomic.fna	0.0014726803428009	0.0004429987788473	0.00220128396171	3097074.0	5.0	3.0	0	0.0843192737589289	4.792049122576082e-05	0.0001643486723274	0.0012995316192228	0.0	0.9823182711198428	0.9823182711198428		False					9.0	9.0	9.0	0.0	17	29	0.960763632024818	70	9.0
GCA_004556255.1_ASM455625v1_genomic.fna	2.242627667063793	0.0700361475143507	0.004098862048894	1477280.0	211.0	101.0	0	29.75511397270464	0.0248384055322095	0.0403254630131051	0.8619639270806783	0.0035861749216945	0.975475055395152	0.9778419391660512		False	2108.0	104.13899430740038	0.5889418445905461	0.983275193432848	1461.0	1320.0	1310.0	565.0	12155	15924	0.967010432207727	36129	1875.0
GCA_009809575.1_ASM980957v1_genomic.fna	0.000963147187463	0.0004866481310732		1970623.0	6.0	1.0	0	0.0476742449692973	3.3971477143179483e-05	0.0	0.0008500974288012		0.0	0.0		False					0.0	0.0	0.0	0.0	7	18	0.9338942777611504	158	0.0
GCA_014651235.1_ASM1465123v1_genomic.fna	0.0038013658960228	0.0004130073668142	0.0031756665165028	1648881.0	58.0	1.0	0	0.2267288283553643	0.0001771924713394	0.0002589635031272	0.0033509789817309	0.0	0.9976580796252928	1.0		False					1.0	0.0	0.0	2.0	23	23	0.9972099012734296	59	2.0
GCA_900112995.1_IMG-taxon_2597490368_annotated_assembly_genomic.fna	0.0002299988819498	0.0001274222200926		2817405.0	50.0	2.0	0	0.0212678579337826	1.2693204980168432e-05	0.0	0.0002030683915842		0.0	0.0		False					0.0	0.0	0.0	0.0	4	150	0.9130235086183288	2572	0.0
GCA_900557215.1_UMGS2022_genomic.fna	2.0984630131165805	0.4283673445490328	0.0028419836300442	1195586.0	44.0	43.0	0	3.658288118262212	0.0033580865264522	0.1831302808831819	0.843224877406431	0.000247088383036	0.9804702486435136	0.981913513711018		False	126.0	87.18253968253968	0.5389115088088976	1.0	4276.0	3960.0	3957.0	935.0	9186	11137	0.9739716829415356	24135	4892.0
GCF_000014425.1_ASM1442v1_genomic.fna	0.1854758335268903	0.0195364133533224	0.00252541672107	1894360.0	1.0	1.0	0	1.9287248831672117	0.0014013998529118	0.0109847125150446	0.151067126361283	0.0027231789187879	0.9901965495698976	0.991157672161084		False	38.0	80.92105263157895	0.6058420264765022	0.9613970588235294	204.0	184.0	177.0	72.0	1295	1495	0.9778312962891602	3337	249.0
GCF_000014445.1_ASM1444v1_genomic.fna	0.0030687511050153	0.0004880133232936	0.0024538316108562	2075763.0	2.0	1.0	0	0.1425838471429656	9.89745186393053e-05	0.000416232488969	0.002706039282869	0.0	0.9907407407407398	0.9907407407407398		False					8.0	8.0	8.0	2.0	23	23	0.9905526475516568	52	10.0
GCF_000016825.1_ASM1682v1_genomic.fna	1.0946905859019072	0.1728030053740264	0.004489964330006	1999618.0	1.0	1.0	0	7.795917837386876	0.0055133499977203	0.0711400877567615	0.6196303695586451	0.0108596091841253	0.9893499609850056	0.9913182850273808		False	1570.0	122.32738853503184	0.1970485374890898	0.9741579298462696	1515.0	1235.0	1230.0	1104.0	8026	9003	0.9804422064104	19174	2334.0
GCF_000092505.1_ASM9250v1_genomic.fna	0.0068574979291431	0.0004481900401896	0.0029519546807297	2101787.0	6.0	2.0	0	0.3892368435533662	0.0002685614720572	0.000351129776709	0.0060368750717888	0.0	0.9932249322493224	0.994579945799458		False					5.0	4.0	4.0	3.0	53	57	0.957825454088886	141	7.0
GCF_000146325.1_ASM14632v1_genomic.fna	0.0035890998014748	0.0008734694339742	0.0066445887088775	1942827.0	4.0	1.0	0	0.1516869466769827	0.0001088480591126	0.0002625040726734	0.0031641585900415	0.0	0.984313725490192	0.99019607843137		False					8.0	5.0	5.0	6.0	27	37	0.9355387000012376	441	11.0
GCF_000159215.1_ASM15921v1_genomic.fna	0.0256807025155261	0.00500105784398	0.0056592092900601	1867005.0	74.0	11.0	0	0.4709159232439107	0.0003460182192613	0.0022661963947605	0.022420890850643	0.0	0.9770739777830296	0.9803828882060976		False					97.0	83.0	83.0	48.0	179	255	0.9654587199558882	758	131.0
GCF_000159315.1_ASM15931v1_genomic.fna	0.0116595168242719	0.0004939289734546	0.0033409098277286	2721039.0	113.0	3.0	0	0.7853274862561873	0.0004780733952194	0.0002881252345151	0.0102425376131138	0.0024104919589933	1.0	1.0		False	10.0	13.2	0.6028078817733997	1.0	0.0	0.0	0.0	8.0	116	119	0.9706076805686172	259	8.0
GCF_000159355.1_ASM15935v1_genomic.fna	10.894627854326233	0.638092467336404	0.0027799956872154	1780499.0	32.0	9.0	5	16.991962420088264	0.0127571815397966	0.5000963213121715	0.9999336094874764	0.0031423200743378	0.9923867473925256	0.9935962875987876		False	3343.0	83.23781034998504	0.4603303505722713	0.9949234560881826	6779.0	5702.0	5689.0	4672.0	71549	74156	0.9736887948319156	150941	10361.0
GCF_000159435.1_ASM15943v1_genomic.fna	5.272090924780486	0.6857439174317596	0.0031465233987209	1877332.0	112.0	41.0	3	6.467687238878774	0.0047488136838868	0.4336238875169655	0.9904885247339112	0.0023354824186031	0.9962189333411952	0.9974768320606936		False	823.0	70.955042527339	0.4342054503009012	0.99039934955488	3078.0	2054.0	2067.0	4200.0	36307	37654	0.9700025417403384	78691	6267.0
GCF_000160575.1_ASM16057v1_genomic.fna	0.000998372405532	0.0004428794130761	0.0	1980223.0	13.0	2.0	0	0.0570076575175417	4.053792861269524e-05	7.524405079629908e-05	0.0008811743717292	0.0	1.0	1.0		False					0.0	0.0	0.0	0.0	8	42	0.93542124101205	103	0.0
GCF_000160835.1_ASM16083v1_genomic.fna	0.0899080983248917	0.010288349973251	0.0041590019184837	2302896.0	20.0	9.0	0	1.5089928174437408	0.0009952395008752	0.0045442781610632	0.0763193193874027	0.0006615326111882	0.9849020544672716	0.9865265169612992		False	49.0	105.87755102040816	0.1906573161482647	0.9728306878306878	158.0	141.0	138.0	93.0	759	960	0.9571890525937782	2401	231.0
GCF_000160855.1_ASM16085v1_genomic.fna	1.5028130508932576	0.0459238971741804	0.0071774275297981	2020582.0	49.0	20.0	0	13.964138055877925	0.00984763055882	0.0339169605588884	0.7347238510162185	0.0071517537191799	0.9830152337594116	0.9871155080838148		False	3480.0	98.41522988505749	0.3821153425783964	0.9773374305303728	1164.0	883.0	884.0	1172.0	11157	17351	0.9604837347212576	38657	2056.0
GCF_000160875.1_ASM16087v1_genomic.fna	0.0009063522141057	0.0006519787515976		1277649.0	12.0	1.0	0	0.0389929091351035	3.452934277599595e-05	0.0	0.0007999888432187		0.0	0.0		False					0.0	0.0	0.0	0.0	5	221	0.9123591174557546	659	0.0
GCF_000161935.1_ASM16193v1_genomic.fna	0.042728451080611	0.006991422672814	0.0044814366016796	1725829.0	12.0	6.0	0	0.7502288241267657	0.0005714749175728	0.0029110647694527	0.0370263426204174	0.0	0.9888535031847132	0.990246815286624		False	23.0	134.82608695652175	0.256741827275338	1.0	56.0	49.0	48.0	44.0	267	329	0.970690125828324	772	92.0
GCF_000166715.1_ASM16671v1_genomic.fna	0.0007157888928569	0.0002958185360201		1957281.0	43.0	2.0	0	0.0427894829901423	3.065223923312747e-05	0.0	0.0006318418961798		0.0	0.0		False					0.0	0.0	0.0	0.0	5	5	0.9962643678160918	18	0.0
GCF_000178475.1_ASM17847v1_genomic.fna	0.7275198824511327	0.0209370939625105	0.006704177786279	1540806.0	73.0	15.0	0	11.338060865270036	0.0091776681036419	0.015822887501736	0.4739715899517125	0.0107116954476467	0.9844134536505332	0.9883921246923708		False	1872.0	108.76121794871794	0.3405106321744927	0.9454735900547244	380.0	283.0	277.0	420.0	4115	4948	0.947882202012122	11145	697.0
GCF_000193635.1_ASM19363v1_genomic.fna	0.0019220340167663	0.0004055470203726	0.0017272471672012	2317857.0	72.0	1.0	0	0.1232566565851546	8.120067264426418e-05	0.0001449614881332	0.0016957166818831	0.0	0.9851190476190476	0.9851190476190476		False					5.0	5.0	5.0	1.0	16	17	0.946980521417492	43	6.0
GCF_000237995.1_ASM23799v2_genomic.fna	0.001597943797052	0.0006716215389886	0.0011246064413896	1978793.0	9.0	1.0	0	0.076695087900089	5.454627448207605e-05	0.0001248235666893	0.0014099894023643	0.0	0.9878542510121456	0.9878542510121456		False					3.0	3.0	3.0	0.0	12	46	0.9422943061724234	177	3.0
GCF_000241055.1_ASM24105v1_genomic.fna	0.0006112131005873	0.0003224339091908		1842238.0	2.0	1.0	0	0.0381119766618958	2.808250709672888e-05	0.0	0.0005395555553403		0.0	0.0		False					0.0	0.0	0.0	0.0	4	4	0.9956896551724138	19	0.0
GCF_000255495.1_ASM25549v2_genomic.fna	0.0162398791094982	0.0020398905864446	0.0068379048284117	2195706.0	220.0	2.0	0	0.4704473396629182	0.0003207152805327	0.001302542325794	0.014237487824711	0.0	0.9818181818181818	0.9874125874125874		False	17.0	20.47058823529412	0.999999999999999	1.0	52.0	36.0	36.0	40.0	132	155	0.927719017835977	389	76.0
GCF_000260415.1_ASM26041v1_genomic.fna	0.0026110369175063	0.0004560927775635	0.0019822816634968	2652969.0	122.0	2.0	0	0.1725775470626283	0.0001064339453468	0.0001933682602397	0.0023028898692656	0.0	0.9668615984405456	0.9688109161793372		False					17.0	16.0	16.0	1.0	25	77	0.9414830683641088	229	17.0
GCF_000260435.1_ASM26043v1_genomic.fna	0.0016065840043776	0.0004067097789749	0.0026927438188106	3110326.0	113.0	3.0	0	0.1046863931570882	5.957261561798682e-05	0.000120887649719	0.0014176079191344	0.0	1.0	1.0		False					0.0	0.0	0.0	0.0	18	30	0.94445356686736	116	0.0
GCF_000277645.1_ASM27764v1_genomic.fna	0.0032326165164782	0.0009768991405138	0.0004729962570378	1728940.0	17.0	3.0	0	0.1646397207406706	0.0001253349612307	0.0001868196698555	0.0028503304565958	0.0	0.9690402476780186	0.9690402476780186		False					10.0	10.0	10.0	0.0	21	39	0.9380263827325408	161	10.0
GCF_000296835.1_ASM29683v1_genomic.fna	0.0201350009205786	0.0023846877941637	0.003039740155651	1928135.0	36.0	6.0	0	0.6010981857949673	0.0004336997736139	0.0012815492691123	0.0176220882529568	0.0	0.980169971671388	0.9817887494941318		False	1.0	32.0	0.0075614366729675	1.0	49.0	45.0	45.0	11.0	142	273	0.959741178444653	759	56.0
GCF_000296855.1_ASM29685v1_genomic.fna	0.3833509237840536	0.0192223671661524	0.0090715876088004	1927182.0	96.0	28.0	0	4.583557085842902	0.0033182998073243	0.0128664547510302	0.2871604120385667	0.0074701210170471	0.975197612518148	0.9807630262945636		False	1665.0	100.7957957957958	0.4405366596924494	0.9874892383489684	615.0	477.0	467.0	496.0	2714	5787	0.9513978865176432	14577	963.0
GCF_000297025.1_ASM29702v1_genomic.fna	1.075498662221751	0.0231956788030636	0.00731992819425	1905398.0	30.0	17.0	0	9.62415364247146	0.0069832031070296	0.02020102886641	0.6131295199110276	0.0073166867890959	0.988880517523577	0.9920760697305864		False	2485.0	111.13521126760564	0.4117797182318873	0.9786995539837156	428.0	305.0	298.0	690.0	7547	8579	0.973667741659569	19511	988.0
GCF_000297375.1_ASM29737v1_genomic.fna	0.0068192216717523	0.0018117213742795	0.0113052600422233	2008587.0	106.0	7.0	0	0.2109190569023405	0.0001496148521356	0.0005491422577164	0.006003280602717	0.0	0.9836808703535812	0.9882139619220308		False					18.0	13.0	13.0	16.0	52	56	0.9714878178604154	140	29.0
GCF_000349725.1_ASM34972v1_genomic.fna	0.0019611711917049	0.0002708729508057	0.0027076017963512	2351656.0	54.0	1.0	0	0.1368711373707484	8.94591195767051e-05	0.0001896535887901	0.0017302156104515	0.0	1.0	1.0		False					0.0	0.0	0.0	0.0	17	18	0.9611558356787412	75	0.0
GCF_000372485.1_ASM37248v1_genomic.fna	0.0001427271591943	0.0001427271591943		1737581.0	28.0	1.0	0	0.0119652887455616	9.091839220591749e-06	0.0	0.0001260201403635		0.0	0.0		False					0.0	0.0	0.0	0.0	1	1	0.996551724137931	4	0.0
GCF_000423245.1_ASM42324v1_genomic.fna	0.000776473712468	0.0002929817167862		1385752.0	17.0	1.0	0	0.0494857817492423	4.20892580323931e-05	0.0	0.0006853913001134		0.0	0.0		False					0.0	0.0	0.0	0.0	4	27	0.9079438518875148	210	0.0
GCF_000423265.1_ASM42326v1_genomic.fna	0.1061064545579754	0.0252040821663538	0.0038920521780183	1720753.0	47.0	37.0	0	0.8857949150738176	0.0006771166756839	0.008652026176912	0.0894368269181157	0.0	0.9844841483073616	0.986902203116604		False	51.0	99.8627450980392	1.0	1.0	231.0	195.0	192.0	89.0	704	1196	0.9710840261844742	4021	281.0
GCF_000425905.1_ASM42590v1_genomic.fna	0.0222172962798764	0.0021784331873698	0.001565210119548	1542852.0	23.0	3.0	0	0.6184883208851786	0.000498675348757	0.0015989868114375	0.0194266943634843	0.0	0.9623023915687068	0.9623023915687068		False					93.0	93.0	93.0	3.0	127	480	0.9360100188024768	1088	96.0
GCF_000428925.1_ASM42892v1_genomic.fna	0.002313878308797	0.000515320927899	0.0061204998257631	2862294.0	39.0	2.0	0	0.1356599455288066	8.029474943194956e-05	0.0002333792405671	0.0020410687272093	0.0	0.994011976047904	1.0		False					4.0	0.0	0.0	5.0	24	29	0.9560151742310662	80	5.0
GCF_000469325.1_ASM46932v1_genomic.fna	0.0002714198559518	0.0001418229877946		3271684.0	62.0	2.0	0	0.0207168219921152	1.1475248489832544e-05	0.0	0.0002396350157473		0.0	0.0		False					0.0	0.0	0.0	0.0	4	17	0.9402149703694864	237	0.0
GCF_000498955.2_NMG01_genomic.fna	0.0003028269952121	0.0002171327498398		3279100.0	181.0	3.0	0	0.0214619700913478	1.1917986082134022e-05	0.0	0.0002673604895848		0.0	0.0		False					0.0	0.0	0.0	0.0	4	6	0.955543137522148	43	0.0
GCF_000583655.1_ASM58365v1_genomic.fna	0.019243275698303	0.0020322130909535	0.0032858310848878	2844682.0	129.0	4.0	0	0.5656495911921827	0.0003369062800067	0.0012430211883085	0.0168482657858052	0.0	0.9937782805429864	0.9963235294117648		False					22.0	13.0	13.0	19.0	200	200	0.9871230863811764	434	32.0
GCF_000614735.1_ASM61473v1_genomic.fna	112.46041482738455	0.9435087196303472	0.0071165341766053	1918774.0	74.0	69.0	99	98.52259192282555	0.0714011877030411	0.924784263284785	1.0	0.0067801594610631	0.99625180055589	0.9986074574009328		False	216234.0	124.7834521860577	0.2629783901680732	0.9506908153126344	6651.0	2471.0	2429.0	33151.0	793464	809298	0.9872185491016284	1651572	35580.0
GCF_000615285.1_ASM61528v1_genomic.fna	34.44469528451045	0.7480583402015037	0.0070798532160271	1902496.0	35.0	32.0	24	42.90285448703489	0.0311619672491414	0.6815940743108001	0.9999999999999382	0.0068275245122623	0.9849637164251618	0.9894156840668452		False	95150.0	104.3612401471361	0.3817177173487144	0.979687001514217	19498.0	13725.0	13527.0	24800.0	240561	264813	0.9751949205832532	551195	38327.0
GCF_000615445.1_ASM61544v1_genomic.fna	0.1640214334246011	0.0039529305614639	0.0100224915947587	1826493.0	81.0	11.0	0	5.7966748897967095	0.0043082870080151	0.0024166531161082	0.1348314414981003	0.0083694620343265	0.97394653375623	0.9771182600815588		False	1759.0	119.0193291642979	0.2346806340777057	0.9710786780941182	115.0	101.0	101.0	121.0	1091	1766	0.9283456598827278	4422	222.0
GCF_000615765.1_ASM61576v1_genomic.fna	0.0271830902388703	0.00413656690363	0.0066141006423205	2242681.0	158.0	9.0	0	0.6029768340623884	0.0004055070406177	0.0020292676488542	0.0237168956336627	0.0	0.982860909690178	0.985497692814766		False	3.0	123.33333333333331	0.8777777777777803	1.0	78.0	66.0	62.0	47.0	224	282	0.9640837822739362	747	109.0
GCF_000615805.1_ASM61580v1_genomic.fna	0.0023293620138898	0.0007786683774278	0.0076639716902737	2107444.0	71.0	2.0	0	0.0984910537045801	6.807489183924579e-05	0.0001793641966287	0.0020547128398147	0.0	0.9947089947089948	0.9947089947089948		False					2.0	2.0	2.0	0.0	18	49	0.948273998966968	200	2.0
GCF_000615845.1_ASM61584v1_genomic.fna	0.0721397644961761	0.0084818801920928	0.0061088550201471	1667319.0	82.0	6.0	0	0.9902988766725136	0.0007707322560068	0.0056845750573225	0.0617130050894044	0.0	0.9725680523317156	0.9761553070267988		False	15.0	43.46666666666667	0.9583333333333334	1.0	260.0	226.0	225.0	111.0	441	740	0.946499885022808	1810	336.0
GCF_000691805.2_ASM69180v2_genomic.fna	0.0015975761173171	0.0001521501064111	0.0010892708007603	2129476.0	70.0	1.0	0	0.1340898725527265	9.219165656050838e-05	0.0001371229354075	0.0014096651988747	0.0	0.9657534246575342	0.9657534246575342		False					10.0	10.0	10.0	0.0	12	25	0.9294977511244378	60	10.0
GCF_000702165.1_ASM70216v1_genomic.fna	0.0854226935010322	0.0017041334149879	0.0030981754835801	2411783.0	91.0	2.0	0	2.705332636148592	0.0017486243292543	0.0015503053135377	0.0726537239654295	0.001841540189852	0.9986627440492112	0.9989301952393688		False	4.0	17.75	0.2622380035106588	1.0	5.0	4.0	3.0	17.0	748	756	0.9897623433205174	1722	20.0
GCF_000740055.1_ASM74005v1_genomic.fna	0.0097672858545017	0.0019248610778146	0.0026317778844681	1860394.0	93.0	5.0	0	0.2794287942233121	0.000205897345553	0.0008465948610885	0.0085874289820423	0.0	0.9936507936507936	0.9949206349206348		False					10.0	8.0	8.0	4.0	68	84	0.9719818469797884	202	12.0
GCF_000750535.1_ASM75053v1_genomic.fna	0.0002021005511375	0.0002021005511375		1390397.0	1.0	1.0	0	0.0142157929728534	1.2056828206401835e-05	0.0	0.0001784388645461		0.0	0.0		False					0.0	0.0	0.0	0.0	1	84	0.9211645107920396	288	0.0
GCF_000785105.2_ASM78510v2_genomic.fna	0.0028002824616148	0.0009184773792142	0.0011487379178896	2095860.0	1.0	1.0	0	0.1144164887604226	7.903661055683779e-05	0.0002170946532688	0.0024695949341155	0.0	0.9626373626373584	0.9626373626373584		False					17.0	17.0	17.0	0.0	21	80	0.9358735223352213	1031	17.0
GCF_000829035.1_ASM82903v1_genomic.fna	0.0097017566415843	0.0010153078198583	0.0041110090899113	3017804.0	3.0	1.0	0	0.5489992733467666	0.0003160599770178	0.0004022792732728	0.0085300619157062	0.007914050058885	0.9925864909390432	0.9934102141680384		False	35.0	130.62857142857143	0.1910367056109592	0.9713998538011696	9.0	8.0	8.0	14.0	108	206	0.9566847062329764	535	22.0
GCF_000829055.1_ASM82905v1_genomic.fna	0.0003775871066363	0.0001134454535633		2952961.0	3.0	1.0	0	0.0370127987909485	2.1541069899189185e-05	0.0	0.0003333538404173		0.0	0.0		False					0.0	0.0	0.0	0.0	4	54	0.9204770029339896	161	0.0
GCF_000829395.1_ASM82939v1_genomic.fna	0.0051466600238441	0.002384834369608	0.0021621728480585	2400586.0	3.0	3.0	0	0.1289082841943042	8.321019967773253e-05	0.00024035797926	0.0045341901820742	0.0	0.9878682842287694	0.9896013864818024		False					7.0	6.0	6.0	1.0	46	116	0.9522245158234552	612	7.0
GCF_000876205.1_ASM87620v1_genomic.fna	0.0008538781348906	0.0003161344632252	0.0207909611658861	1904253.0	105.0	2.0	0	0.0575558008424499	4.194062349823452e-05	9.294983387186394e-05	0.0007536902258384	0.0	0.9943502824858756	1.0		False					1.0	0.0	0.0	7.0	6	20	0.9412922326715432	75	7.0
GCF_001039045.1_ASM103904v1_genomic.fna	0.0007589979709477	0.0003313934802729	0.0177777784842031	2899876.0	55.0	2.0	0	0.0470289113011394	2.766945148559229e-05	3.724297176844801e-05	0.0006699706777008	0.0	0.9722222222222222	1.0		False					3.0	0.0	0.0	4.0	8	8	0.9732183908045976	24	4.0
GCF_001293735.1_LgorillaeKZ01T_1.0_genomic.fna	0.0010690652714603	0.0004379817265982	0.014301675990973	1641621.0	63.0	3.0	0	0.0616438301787343	4.829769528680147e-05	0.0001090385661489	0.0009435392213696	0.0	0.9776536312849162	0.9776536312849162		False					4.0	4.0	4.0	2.0	7	14	0.9667200328407224	57	6.0
GCF_001311075.1_ASM131107v1_genomic.fna	0.0023677469832002	0.0005359789245326	0.0008003492881586	3453494.0	176.0	2.0	0	0.1676666481921192	9.068637446346674e-05	0.0001285654470515	0.0020885365522144	0.0	0.9932432432432432	0.9932432432432432		False					3.0	3.0	3.0	1.0	30	36	0.956228991153726	78	4.0
GCF_001311135.1_ASM131113v1_genomic.fna	0.0020387519545042	0.0004854035672034	0.0027928926662108	3510481.0	170.0	5.0	0	0.1446909484252789	7.760174653198614e-05	9.371935071005938e-05	0.0017985985553626	0.0	0.9665653495440728	0.9696048632218844		False					11.0	10.0	10.0	2.0	26	33	0.9483008619269208	92	12.0
GCF_001311785.1_ASM131178v1_genomic.fna	0.001254983478254	0.0001598678756037	0.0037422408271767	2420749.0	67.0	1.0	0	0.1040005578934249	6.702953882078165e-05	0.0001478881123156	0.0011075366393694	0.0	1.0	1.0		False					0.0	0.0	0.0	1.0	11	16	0.954796238244514	69	1.0
GCF_001433855.1_ASM143385v1_genomic.fna	0.0002238892225224	0.000116390065138		2474438.0	11.0	1.0	0	0.0209577641879314	1.332907152793814e-05	0.0	0.0001976746432799		0.0	0.0		False					0.0	0.0	0.0	0.0	2	2	0.996551724137931	9	0.0
GCF_001433875.1_ASM143387v1_genomic.fna	1.830215429876054	0.0473456165956726	0.0039245501371422	1748504.0	188.0	78.0	0	31.61293471986297	0.0241686348698006	0.0280165215521382	0.8013240601507217	0.0033407496051494	0.976320248229122	0.9790556678302408		False	1098.0	117.42531876138432	0.7068551582876881	0.979275508101616	1160.0	1026.0	1021.0	409.0	11668	13729	0.9608962588975553	33012	1430.0
GCF_001433995.1_ASM143399v1_genomic.fna	0.0005394735370684	0.0002163292739781		2593269.0	45.0	1.0	0	0.0426835526399978	2.65516665005622e-05	0.0	0.000476241694138		0.0	0.0		False					0.0	0.0	0.0	0.0	5	5	0.96	18	0.0
GCF_001434055.1_ASM143405v1_genomic.fna	0.0015021729292907	0.0005496874202675	0.0072727271101691	2614213.0	133.0	2.0	0	0.0710078462493054	4.414248335628627e-05	3.3662138471501644e-05	0.0013255393921026	0.0	0.9772727272727272	0.9772727272727272		False					2.0	2.0	2.0	0.0	14	15	0.9482397457203412	37	2.0
GCF_001434095.1_ASM143409v1_genomic.fna	0.0017910687025681	0.0004116980540891	0.0	1372365.0	16.0	1.0	0	0.1108950179139445	9.477292828978e-05	0.0002105853763393	0.0015802637306483	0.0	1.0	1.0		False					0.0	0.0	0.0	0.0	9	20	0.9448275862068964	80	0.0
GCF_001434225.1_ASM143422v1_genomic.fna	0.0002117252566618	0.0001084641674014		2498521.0	44.0	1.0	0	0.0204861074715794	1.2983273107340282e-05	0.0	0.0001869359269341		0.0	0.0		False					0.0	0.0	0.0	0.0	2	8	0.9295258620689656	46	0.0
GCF_001434255.1_ASM143425v1_genomic.fna	0.002282163465209	0.0002695178941177	0.012856349137157	3261379.0	109.0	1.0	0	0.1644625428579359	9.13740301519985e-05	0.0001940896780165	0.0020131212875109	0.0	0.9873617693522908	0.9968404423380728		False					8.0	2.0	2.0	18.0	27	36	0.9461586814331115	90	20.0
GCF_001434275.1_ASM143427v1_genomic.fna	0.0006779629097791	0.0001215539560462	0.0034896493411336	2336411.0	103.0	1.0	0	0.0621771357667497	4.085820184932356e-05	0.000112565811409	0.0005984620994129	0.0	0.9847908745247148	0.9847908745247148		False					4.0	4.0	4.0	0.0	6	9	0.91559934318555	28	4.0
GCF_001434295.1_ASM143429v1_genomic.fna	0.0169180567705094	0.0016720012270331	0.0020314338914122	2373204.0	62.0	1.0	0	0.4906591951704711	0.0003193376080432	0.001235039212811	0.0148276161409337	0.0	0.9945411122483794	0.9959058341862844		False					16.0	12.0	12.0	9.0	147	155	0.9305091887767464	379	21.0
GCF_001434315.1_ASM143431v1_genomic.fna	0.0002985434680926	0.0002985434680926		1832229.0	32.0	2.0	0	0.0173060736610353	1.2807625390446345e-05	0.0	0.0002635791392393		0.0	0.0		False					0.0	0.0	0.0	0.0	2	7	0.9413793103448276	37	0.0
GCF_001434335.1_ASM143433v1_genomic.fna	0.0271154225552042	0.0016244905422507	0.004033669486375	2078190.0	108.0	6.0	0	1.3193538318161584	0.000919999366809	0.000564433473359	0.0236585604241286	0.0030766283145539	0.9863597612958228	0.9872122762148338		False	3.0	146.0			16.0	15.0	15.0	7.0	209	511	0.919703986584848	1646	22.0
GCF_001434365.1_ASM143436v1_genomic.fna	0.0006778612045371	0.0006778612045371		1848461.0	66.0	3.0	0	0.0261203091386285	1.928099815253712e-05	0.0	0.0005983723474255		0.0	0.0		False					0.0	0.0	0.0	0.0	5	15	0.9551461535150028	85	0.0
GCF_001434395.1_ASM143439v1_genomic.fna	0.0013422294363453	0.0004560525525978	0.004628451685061	2815465.0	66.0	4.0	0	0.0737643672537842	4.406482986404518e-05	0.0001424276274079	0.0011844865336779	0.0	0.9825436408977556	0.9850374064837906		False					7.0	6.0	6.0	1.0	15	16	0.9739117463401096	45	7.0
GCF_001434405.1_ASM143440v1_genomic.fna	0.0005198019683614	0.0002171022020571		2091181.0	54.0	1.0	0	0.0393079762435726	2.725268835483428e-05	0.0	0.0004588798204983		0.0	0.0		False					0.0	0.0	0.0	0.0	4	10	0.9409326154396848	88	0.0
GCF_001434465.1_ASM143446v1_genomic.fna	0.1288312578072167	0.0226398211612117	0.0052585435658309	2031774.0	75.0	34.0	0	1.6324050677585498	0.0011494747218283	0.0066892282310926	0.107526092137613	0.0021968409406937	0.9798395997351188	0.9827091457582224		False	217.0	87.73271889400921	0.5193338625118434	0.9962003454231432	274.0	235.0	226.0	131.0	953	1156	0.9659644218268008	2591	357.0
GCF_001434475.1_ASM143447v1_genomic.fna	0.0017760997844465	0.0006589183103478	0.0027350426739097	2651315.0	81.0	1.0	0	0.0759954077530528	4.681528217173805e-05	8.825809079645367e-05	0.0015670669759549	0.0	0.9914529914529916	0.9914529914529916		False					2.0	2.0	2.0	0.0	17	17	0.991075050709939	49	2.0
GCF_001434535.1_ASM143453v1_genomic.fna	0.0026380368750751	0.0012801924915939		1880186.0	58.0	4.0	0	0.0792836920507618	5.799992565455766e-05	0.0	0.0023266756451487		0.0	0.0		False					0.0	0.0	0.0	0.0	19	76	0.9359927270901366	229	0.0
GCF_001434575.1_ASM143457v1_genomic.fna	0.0041844395263293	0.000452138997164	0.0016617403040087	3133992.0	147.0	4.0	0	0.332214370720339	0.000188545520094	0.000156988275656	0.0036880425054359	0.0	0.9552845528455284	0.9552845528455284		False	3.0	192.0	0.0071742911153117	1.0	22.0	22.0	21.0	3.0	48	266	0.9594570359911552	573	24.0
GCF_001434585.1_ASM143458v1_genomic.fna	0.0002514067287794	0.0002514067287794		2219511.0	101.0	2.0	0	0.0153894851832676	1.0377216257742978e-05	0.0	0.00022196750308		0.0	0.0		False					0.0	0.0	0.0	0.0	2	6	0.9422413793103448	27	0.0
GCF_001434665.1_ASM143466v1_genomic.fna	0.0001246632138176	0.0001246632138176		2173857.0	51.0	1.0	0	0.011190854231507	7.607975968366576e-06	0.0	0.0001100715594822		0.0	0.0		False					0.0	0.0	0.0	0.0	1	24	0.9127794018215806	87	0.0
GCF_001434695.1_ASM143469v1_genomic.fna	0.0049901812399116	0.0014091477014417	0.006520771172087	1590323.0	28.0	2.0	0	0.2077765974150585	0.0001650517321254	0.0001854969084896	0.004396636405657	0.0	0.9593220338983052	0.9694915254237289		False					12.0	9.0	9.0	6.0	30	441	0.943273873997276	1046	15.0
GCF_001434785.1_ASM143478v1_genomic.fna	0.0002216905418092	0.0001171042934875		2476425.0	69.0	1.0	0	0.0208141250008325	1.326352940633346e-05	0.0	0.0001957335900983		0.0	0.0		False					0.0	0.0	0.0	0.0	2	8	0.944683908045977	27	0.0
GCF_001434835.1_ASM143483v1_genomic.fna	0.0002741304154891	0.0002073111267137		2918319.0	30.0	1.0	0	0.020212214795323	1.1843893883187316e-05	0.0	0.0002420278634069		0.0	0.0		False					0.0	0.0	0.0	0.0	3	6	0.9323197974253934	17	0.0
GCF_001434845.1_ASM143484v1_genomic.fna	0.0002467353261018	0.00012576103923		2298009.0	137.0	1.0	0	0.0210162283496085	1.3947092998070684e-05	0.0	0.0002178435615927		0.0	0.0		False					0.0	0.0	0.0	0.0	2	36	0.9371214930169324	147	0.0
GCF_001434895.1_ASM143489v1_genomic.fna	0.0007154957706169	0.0001562535202464	0.0035033622002519	2751938.0	31.0	1.0	0	0.0655046859379316	3.953146422891768e-05	0.0001050169008167	0.000631583232746	0.0	0.9653979238754296	0.9653979238754296		False					10.0	10.0	10.0	1.0	7	17	0.93770994616675	46	11.0
GCF_001434935.1_ASM143493v1_genomic.fna	0.0031495623333041	0.0007437448932681	0.0078952540548479	2686405.0	164.0	4.0	0	0.1648350486808176	0.0001011885806317	0.0002188798784993	0.0027771999655454	0.0	0.9897959183673468	0.9897959183673468		False					6.0	6.0	5.0	7.0	31	50	0.9512961516110752	161	12.0
GCF_001434985.1_ASM143498v1_genomic.fna	0.0007616923304528	0.0004964146306145		2548273.0	166.0	4.0	0	0.0361761017698817	2.281111718672625e-05	0.0	0.0006723482003753		0.0	0.0		False					0.0	0.0	0.0	0.0	7	10	0.9779310344827588	38	0.0
GCF_001435035.1_ASM143503v1_genomic.fna	0.0005937527992117	0.000356059733579		3125880.0	335.0	2.0	0	0.0348490397432318	1.9925520122340244e-05	0.0	0.0005241463090089		0.0	0.0		False					0.0	0.0	0.0	0.0	7	9	0.955028735632184	37	0.0
GCF_001435095.1_ASM143509v1_genomic.fna	9.311809957598529e-05	9.311809957598529e-05		2749197.0	37.0	1.0	0	0.0096623342800012	5.835317474214829e-06	0.0	8.221990168422177e-05		0.0	0.0		False					0.0	0.0	0.0	0.0	1	10	0.9316666666666666	34	0.0
GCF_001435195.1_ASM143519v1_genomic.fna	0.000109862966785	0.000109862966785		2639652.0	55.0	1.0	0	0.010502882186641	6.478016190442142e-06	0.0	9.700429445036464e-05		0.0	0.0		False					0.0	0.0	0.0	0.0	1	52	0.9376394262911386	145	0.0
GCF_001435235.1_ASM143523v1_genomic.fna	0.0004275851533529	0.0001182192344997		2605329.0	33.0	1.0	0	0.040189816001876	2.493076499964796e-05	0.0	0.0003774864244752		0.0	0.0		False					0.0	0.0	0.0	0.0	4	25	0.9389900920580434	63	0.0
GCF_001435325.1_ASM143532v1_genomic.fna	0.0614799021790779	0.006652419774156	0.0037155521242585	2009795.0	55.0	14.0	0	1.1407630597794491	0.0008068846076912	0.0036322112454255	0.0528395341395236	0.0014956753723386	0.9735616438356164	0.974931506849315		False	340.0	117.46176470588236	0.2017548682190485	0.905059433113667	193.0	183.0	183.0	55.0	460	1048	0.954555384907709	2788	238.0
GCF_001435345.1_ASM143534v1_genomic.fna	0.3048877236936077	0.0271625489393011	0.0041493303720823	1667627.0	68.0	32.0	0	3.582534338993946	0.0027856028353903	0.0165174826265105	0.2360216745298041	0.0011502236161496	0.9782900707932474	0.9799963695770556		False	291.0	91.98969072164948	0.3496326312043242	0.9968856447688564	598.0	551.0	550.0	227.0	1848	3818	0.941148807019215	10827	777.0
GCF_001435445.1_ASM143544v1_genomic.fna	0.000513002370952	0.0003986782087952		2746576.0	28.0	3.0	0	0.0264482708522804	1.5975142712321055e-05	0.0	0.0004528785131047		0.0	0.0		False					0.0	0.0	0.0	0.0	5	9	0.9722701149425288	35	0.0
GCF_001435505.1_ASM143550v1_genomic.fna	0.0001135650696082	0.0001135650696082		2518380.0	154.0	1.0	0	0.0101439968664856	6.431624271189136e-06	0.0	0.0001002729287978		0.0	0.0		False					0.0	0.0	0.0	0.0	1	3	0.9447261663286004	13	0.0
GCF_001435575.1_ASM143557v1_genomic.fna	9.802723894770594e-05	9.802723894770594e-05		2693129.0	79.0	1.0	0	0.0099295525676515	6.068465529249352e-06	0.0	8.655430595072566e-05		0.0	0.0		False					0.0	0.0	0.0	0.0	1	6	0.9477011494252872	23	0.0
GCF_001435585.1_ASM143558v1_genomic.fna	0.0001719459720976	9.6096342929772e-05		3309179.0	101.0	1.0	0	0.0114604876381952	6.319352956371505e-06	0.0	0.0001518167680301		0.0	0.0		False					0.0	0.0	0.0	0.0	2	12	0.9404975484285828	50	0.0
GCF_001435755.1_ASM143575v1_genomic.fna	0.0139603788858781	0.0011555907506309	0.0029001784166371	2326083.0	457.0	4.0	0	0.5449394605859501	0.0003645359733757	0.0007123563518584	0.0122513481450698	0.0	0.9927579963789982	0.9939649969824984		False	3.0	28.33333333333333	0.5059288537549411	1.0	12.0	10.0	10.0	8.0	119	123	0.9683207087515056	318	18.0
GCF_001435775.1_ASM143577v1_genomic.fna	0.3663741517244841	0.0292572264638256	0.0049575604803368	2151571.0	88.0	44.0	0	3.946444121612819	0.0027015424934544	0.013852203808287	0.2763941030062536	0.0031614548181755	0.9928197557374848	0.9950342235941484		False	524.0	74.77099236641222	0.5646763186329926	0.9903076898496576	214.0	148.0	146.0	278.0	2937	3786	0.9801378382179547	9002	424.0
GCF_001435835.1_ASM143583v1_genomic.fna	0.001548910810133	0.000611661717879	0.0	1898108.0	96.0	1.0	0	0.0728638969402602	5.3156913047269854e-05	8.166026379953085e-05	0.0013667533860265	0.0	0.9870967741935484	0.9870967741935484		False					2.0	2.0	2.0	0.0	11	23	0.9354488670124992	157	2.0
GCF_001435895.1_ASM143589v1_genomic.fna	0.032945730145369	0.0021024287448964	0.0016206397627027	3081674.0	254.0	8.0	0	0.9468729427769328	0.0005438859464605	0.0015504560183848	0.0286720078423122	0.0	0.9912097111762244	0.9918375889493511		False	3.0	64.33333333333333	0.0082644628099175	1.0	42.0	39.0	39.0	13.0	374	383	0.9666932926753666	837	52.0
GCF_001435935.1_ASM143593v1_genomic.fna	0.4150979411037661	0.076286112417967	0.0035448403550897	2006512.0	150.0	81.0	0	2.820241547646565	0.0020060266044899	0.0255318682370202	0.3068656851117131	0.0013103364081607	0.9760882295529962	0.978235408940074		False	1050.0	111.31809523809524	0.2303590761905386	0.963738741303222	1225.0	1115.0	1105.0	376.0	3036	5318	0.9483600301590144	12488	1481.0
GCF_001435955.1_ASM143595v1_genomic.fna	3.608695345155177	0.4737488783673568	0.0045265613377919	1982601.0	62.0	46.0	0	7.166290743691248	0.005105511591989	0.2660984232329147	0.9586828656509326	0.0007377546521556	0.9908182278269868	0.9931458942655624		False	1329.0	62.63431151241535	0.4654331824858705	0.991133116796362	4844.0	3616.0	3594.0	4080.0	26364	28228	0.9752364715047048	58550	7674.0
GCF_001435975.1_ASM143597v1_genomic.fna	0.0001916381606054	0.0001545825855389		3616190.0	130.0	2.0	0	0.0163596025827695	8.634040735847903e-06	0.0	0.0001692021795109		0.0	0.0		False					0.0	0.0	0.0	0.0	3	5	0.9378709802814996	18	0.0
GCF_001436025.1_ASM143602v1_genomic.fna	0.2073090829888421	0.0361018164913047	0.0026391612454122	2254291.0	91.0	33.0	0	2.444133598204532	0.0016344825990715	0.0132343162439986	0.1672767461437597	0.0001410296661727	0.983140041563317	0.9839109740564456		False	46.0	89.73913043478261	0.2759648329043986	1.0	503.0	480.0	479.0	127.0	1718	2169	0.9615110630018248	4918	606.0
GCF_001436035.1_ASM143603v1_genomic.fna	0.0103113121613568	0.0023673558194249	0.0013408654943071	1231754.0	68.0	2.0	0	0.2614850292957819	0.0002369168282616	0.0009766560530755	0.0090635646517852	0.0	0.9908561928512052	0.9908561928512052		False					11.0	11.0	11.0	1.0	46	46	0.9828817733990146	128	12.0
GCF_001436045.1_ASM143604v1_genomic.fna	0.1328893190845753	0.0134398336850144	0.0047983828065346	1733578.0	26.0	12.0	0	2.157000657840704	0.0016407070278002	0.0056530482043495	0.1107183426683794	0.0024060724171866	0.9802040816326528	0.9824489795918366		False	169.0	100.23668639053254	0.1310466615540063	0.9736209409936872	194.0	172.0	170.0	104.0	844	1001	0.9683714630151076	2452	274.0
GCF_001436095.1_ASM143609v1_genomic.fna	0.000893604118436	0.0003159430041033		1807288.0	26.0	2.0	0	0.0544842198048914	4.058661758030386e-05	0.0	0.0007887412165668		0.0	0.0		False					0.0	0.0	0.0	0.0	6	30	0.9338227836773654	158	0.0
GCF_001436215.1_ASM143621v1_genomic.fna	0.085151147343758	0.0107066953409475	0.0055301944533438	2058058.0	72.0	25.0	0	1.6533162281457114	0.0011565167444206	0.003579588136	0.0724313426141757	0.0034401477684682	0.9854757703271344	0.991991312610289		False	322.0	117.6863354037267	0.567647937873757	1.0	107.0	59.0	59.0	108.0	645	770	0.9770040012361292	1735	167.0
GCF_001436225.1_ASM143622v1_genomic.fna	0.0173235407707061	0.0010624701346477	0.0041871880992989	2444304.0	57.0	1.0	0	0.7303423914150263	0.0004682352573472	0.0007335421453305	0.0151802864590244	0.0024000001139938	0.9988845510317904	0.9994422755158952		False	3.0	27.666666666666668	0.2422754976283683	0.7380952380952381	2.0	1.0	1.0	9.0	156	170	0.9347898666445026	354	10.0
GCF_001436275.1_ASM143627v1_genomic.fna	0.0005303090762185	0.0001369453536094		2117633.0	43.0	1.0	0	0.0456257963703405	3.1417301024519474e-05	0.0	0.0004681532963332		0.0	0.0		False					0.0	0.0	0.0	0.0	4	15	0.9337739463601532	87	0.0
GCF_001436295.1_ASM143629v1_genomic.fna	0.0005357140763855	0.0002176460543739		2559201.0	72.0	1.0	0	0.0372246254806901	2.333476915800452e-05	0.0	0.0004729236657815		0.0	0.0		False					0.0	0.0	0.0	0.0	5	10	0.9405843989049304	42	0.0
GCF_001436305.1_ASM143630v1_genomic.fna	0.4995642451588192	0.0215162048066256	0.0060164946243687	2161766.0	105.0	29.0	0	6.248647236118473	0.0042707240397287	0.0140126174618344	0.3566814263164091	0.0055381811836652	0.9732602667370924	0.9770896606364716		False	760.0	84.37105263157895	0.4581145386624692	0.9874414763726762	810.0	694.0	691.0	433.0	3977	6563	0.9487184528045104	15666	1124.0
GCF_001436315.1_ASM143631v1_genomic.fna	2.1085076934245586	0.379510938837007	0.0056371390966316	1680526.0	24.0	18.0	0	5.693499866493927	0.0043982300388378	0.1643283114929492	0.8446092386042883	0.000665080529434	0.988419672796008	0.9913781241173532		False	474.0	66.65400843881856	0.5757543723417369	0.9874160611615588	3198.0	2381.0	2364.0	2569.0	13011	15057	0.9833852849367049	31708	4933.0
GCF_001436375.1_ASM143637v1_genomic.fna	0.0021428147068035	0.0007074460936459	0.0145569483475449	3467402.0	88.0	3.0	0	0.1120462759731334	6.032542702232573e-05	0.0001577549992761	0.0018903164831536	0.0	0.9926873857404022	0.9963436928702012		False					4.0	2.0	2.0	10.0	27	42	0.935975553296782	208	12.0
GCF_001436395.1_ASM143639v1_genomic.fna	0.0157801956913636	0.001682026842345	0.0071953988421824	2054664.0	152.0	3.0	0	0.5492740709770827	0.0003860607319054	0.0011383856435894	0.0138372851536008	0.0	0.9858914065840104	0.9905942710560068		False	44.0	80.0909090909091	0.2099128442683784	0.988628762541806	33.0	22.0	22.0	32.0	118	122	0.9708828925383132	275	54.0
GCF_001436415.1_ASM143641v1_genomic.fna	0.0001575658314405	0.0001575658314405		1834154.0	72.0	1.0	0	0.0126010893661843	9.341182769350895e-06	0.0	0.0001391209509448		0.0	0.0		False					0.0	0.0	0.0	0.0	1	9	0.906568144499179	58	0.0
GCF_001436455.1_ASM143645v1_genomic.fna	0.0097117457983754	0.0009927810722159	0.0139233846354327	1610627.0	99.0	2.0	0	0.4041542619571325	0.0003204319574295	0.0006587496670551	0.0085388070638096	0.0	0.9802073515551366	0.9915174363807728		False	8.0	92.875	0.2191636034530771	1.0	21.0	9.0	9.0	34.0	57	75	0.9490440997639076	202	43.0
GCF_001436505.1_ASM143650v1_genomic.fna	0.0003710346225537	0.0001775854547377		2269330.0	106.0	1.0	0	0.0278905184813708	1.8601414650920543e-05	0.0	0.0003275699089732		0.0	0.0		False					0.0	0.0	0.0	0.0	3	3	0.9770114942528736	21	0.0
GCF_001436555.1_ASM143655v1_genomic.fna	0.0117584435428126	0.0005986766565248	0.0083231814205646	1566789.0	9.0	2.0	0	0.6995550882715306	0.0005591990358018	0.0003574188994178	0.01032899142042	0.0152115110013123	0.9767857142857128	0.9928571428571424		False	36.0	85.22222222222223	0.9133916458791128	1.0	13.0	4.0	4.0	12.0	69	91	0.9263893956156652	238	16.0
GCF_001436605.1_ASM143660v1_genomic.fna	0.0012673091629399	0.0003117859752153	0.0	1289346.0	20.0	1.0	0	0.0781090319429781	6.889558610526992e-05	0.0001473615305744	0.0011184081058236	0.0	0.9526315789473684	0.9526315789473684		False					9.0	9.0	9.0	0.0	6	39	0.9098103876660164	173	9.0
GCF_001436645.1_ASM143664v1_genomic.fna	0.0002024312512327	5.709599393744309e-05		1348606.0	50.0	1.0	0	0.0273723464800422	2.365842380415601e-05	0.0	0.0001787308205819		0.0	0.0		False					0.0	0.0	0.0	0.0	4	5	0.9819179960945666	39	0.0
GCF_001436695.1_ASM143669v1_genomic.fna	0.6099069653980033	0.0334137757828192	0.0038445795898642	1873389.0	52.0	18.0	0	5.330020265373281	0.0039050251163584	0.023166037592833	0.416404895282175	0.0027514434151904	0.9819350676282864	0.9844927302472408		False	581.0	66.62650602409639	0.6194953128668904	0.9947072484790086	784.0	673.0	670.0	369.0	4221	5667	0.9620740973829726	14517	1039.0
GCF_001436735.1_ASM143673v1_genomic.fna	0.0035084044341479	0.0005205548833675	0.0071580537267633	1919106.0	17.0	1.0	0	0.2134573874898245	0.0001542221926511	0.0001927981049509	0.0030931275090831	0.0	0.962162162162162	0.9648648648648648		False					14.0	13.0	11.0	5.0	24	152	0.9308525163338432	338	16.0
GCF_001436775.1_ASM143677v1_genomic.fna	0.0709852398244626	0.0038723695267608	0.0081026935352785	1585076.0	123.0	10.0	0	1.8412084387385488	0.0014739221622055	0.0022434255518347	0.0607559851044783	0.0034843200537961	0.9820022497187852	0.9881889763779528		False	444.0	131.11486486486487	0.3495329254716228	0.9659691916356786	64.0	42.0	42.0	77.0	411	980	0.9453476361916044	2661	119.0
GCF_001436895.1_ASM143689v1_genomic.fna	0.0002276513949395	0.0001275749401344		2218304.0	40.0	1.0	0	0.0207195681285755	1.3936534438376848e-05	0.0	0.0002009959793326		0.0	0.0		False					0.0	0.0	0.0	0.0	2	2	0.993103448275862	16	0.0
GCF_001437055.1_ASM143705v1_genomic.fna	0.009937168277604	0.0032396942428451	0.0059423881525896	1646143.0	11.0	6.0	0	0.2283371407960233	0.0001780874490362	0.0005953310253118	0.0087361358404747	0.0	0.9887755102040812	0.9928571428571424		False					11.0	7.0	7.0	11.0	60	146	0.9407172760624896	460	18.0
GCF_001437125.1_ASM143712v1_genomic.fna	0.0044929258110651	0.000787690526085	0.0025339414251042	2362603.0	167.0	3.0	0	0.2317918958915938	0.0001518779304163	0.0003165999535258	0.0039593943375588	0.0	0.998663101604278	0.998663101604278		False					1.0	1.0	1.0	0.0	39	42	0.9591109059528776	105	1.0
GCF_001437155.1_ASM143715v1_genomic.fna	0.0159237276138618	0.0016314773363752	0.0116330275007188	2437055.0	78.0	5.0	0	0.7125811118478712	0.0004579269409245	0.0006868946330714	0.0139622622019259	0.0151031696020692	0.9767025089605734	0.9844683393070488		False	518.0	107.88223938223938	0.2157966435452258	0.9315162995259334	39.0	26.0	25.0	50.0	141	245	0.9706143903349777	606	75.0
GCF_001437205.1_ASM143720v1_genomic.fna	0.0045400770207894	0.0011135766750727	0.0012749326747396	2086969.0	32.0	4.0	0	0.1863818731580576	0.0001292149354128	0.0002755191859582	0.004000863144997	0.0	0.9513043478260867	0.9530434782608694		False					28.0	27.0	27.0	1.0	36	111	0.9467652518427864	658	28.0
GCF_001437255.1_ASM143725v1_genomic.fna	0.0050626558411486	0.0012350945711958	0.0049194455702112	2191735.0	201.0	4.0	0	0.2062437435945291	0.0001406069139276	0.0002938311429073	0.0044603480768437	0.0	0.9736024844720496	0.9736024844720496		False					17.0	17.0	17.0	5.0	41	52	0.9613546564009952	121	22.0
GCF_001437285.1_ASM143728v1_genomic.fna	0.0046576441817389	0.000711696309182	0.0060323536132289	1739506.0	28.0	3.0	0	0.2714171729729364	0.0002061221544452	0.0002598438867126	0.0041042542445971	0.0	1.0	1.0		False	1.0	30.0	0.0126262626262622	1.0	0.0	0.0	0.0	5.0	31	37	0.9558337980117088	116	5.0
GCF_001437435.1_ASM143743v1_genomic.fna	0.0042251745637536	0.0008379832953946	0.0027389716969841	2070447.0	52.0	4.0	0	0.2088489042882262	0.0001455103019957	0.0002612962321662	0.003723878243648	0.0	0.99815157116451	1.0		False					1.0	0.0	0.0	2.0	32	65	0.9540227896432406	309	2.0
GCF_001437605.1_ASM143760v1_genomic.fna	0.0019807803118595	0.0005966137495389	0.0	1764961.0	93.0	1.0	0	0.0958523727876597	7.253305678052048e-05	0.0001439125283788	0.0017475003554771	0.0	0.9724409448818896	0.9724409448818896		False					7.0	7.0	7.0	0.0	13	173	0.911232762427021	516	7.0
GCF_001438805.1_ASM143880v1_genomic.fna	0.0015885285045821	0.0001674865603151	0.0028789235642675	2698724.0	71.0	1.0	0	0.1407979259184497	8.5933538010622e-05	0.0001252443747489	0.0014016873868367	0.0	0.9911242603550297	0.9911242603550297		False					3.0	3.0	3.0	3.0	16	33	0.9395029545110608	83	6.0
GCF_001438845.1_ASM143884v1_genomic.fna	0.0004592621433526	0.0001936728193745		2989578.0	103.0	2.0	0	0.0340802779521344	1.977878964123381e-05	0.0	0.0004054462570233		0.0	0.0		False					0.0	0.0	0.0	0.0	5	7	0.9582375478927202	22	0.0
GCF_001591685.1_ASM159168v1_genomic.fna	0.0143972991405328	0.0015198928397834	0.0018043986367144	2123176.0	139.0	5.0	0	0.5005538435667897	0.0003457959651562	0.0009339781534832	0.0126323486528152	0.0	0.9626828038325768	0.9626828038325768		False	1.0	64.0	0.0374331550802143	1.0	74.0	74.0	73.0	7.0	110	224	0.9515809057652984	548	80.0
GCF_001591845.1_ASM159184v1_genomic.fna	0.3238702094949352	0.0137315793080662	0.0062559030779925	1955274.0	18.0	7.0	0	5.394300056733512	0.0038612824696087	0.0090703400137269	0.2487204015577371	0.0083288055186964	0.9840992387933464	0.9872004510854242		False	514.0	84.35992217898833	0.4325913603625903	0.9918038938328306	282.0	227.0	224.0	247.0	2322	3366	0.9445607609900142	8457	471.0
GCF_001592085.1_ASM159208v1_genomic.fna	0.0002466447265999	0.0002466447265999		2209656.0	74.0	2.0	0	0.015286388996678	1.0318153626049751e-05	0.0	0.0002177635796567		0.0	0.0		False					0.0	0.0	0.0	0.0	2	5	0.9471264367816092	24	0.0
GCF_001654615.1_ASM165461v1_genomic.fna	1.4346618502810315	0.2238875029926675	0.0051465437787148	1612274.0	53.0	50.0	0	6.188734454413565	0.0048900682566252	0.0900783613703377	0.7182700846036882	0.0003960195277167	0.986201293112352	0.9888797846189864		False	656.0	88.47865853658537	0.4224090049894548	0.9872664672436232	2004.0	1615.0	1602.0	1254.0	8477	10046	0.9772930769216592	21163	2856.0
GCF_001761545.1_ASM176154v1_genomic.fna	0.0020740453806595	0.0009208737725642	0.0026748970702842	1683184.0	1.0	1.0	0	0.0858631218985782	6.618610293147654e-05	0.0001604102700596	0.001829706114239	0.0	0.9925925925925926	0.9925925925925926		False					2.0	2.0	2.0	1.0	13	105	0.9168414146054048	342	3.0
GCF_001891125.1_ASM189112v1_genomic.fna	0.0002743024931753	0.0001415439911403		2048833.0	2.0	1.0	0	0.0232346645598477	1.6234003344686206e-05	0.0	0.0002421797712175		0.0	0.0		False					0.0	0.0	0.0	0.0	2	2	0.9896551724137932	10	0.0
GCF_001936335.1_ASM193633v1_genomic.fna	0.0716209872127336	0.0053062932824624	0.0061997601897478	1610352.0	1.0	1.0	0	2.0521431686217	0.001617239548567	0.0029459397696901	0.0612830958035788	0.0190130697618616	0.9940978077571668	0.99641652613828		False	551.0	119.83847549909255	0.1720262350869237	0.99480798120354	28.0	17.0	16.0	76.0	429	490	0.9736011727588604	1310	92.0
GCF_001971585.1_ASM197158v1_genomic.fna	0.0022531961054037	0.0006451796203739	0.0125985878886598	2534178.0	2.0	2.0	0	0.1045219839090089	6.566341257719716e-05	0.0001953296098379	0.001987594274313	0.0	0.985858585858586	0.991919191919192		False					7.0	4.0	4.0	8.0	21	40	0.9435498655340744	178	12.0
GCF_002088015.1_ASM208801v1_genomic.fna	8.459936063148271	0.7090718622767743	0.0049662873317501	2069542.0	129.0	114.0	4	22.35965039264265	0.0156405521277679	0.4691690238709821	0.9994301421098578	0.004283036616548	0.9950276271544288	0.9973397599295546		False	24284.0	114.73225168835448	0.327285719931932	0.9404773635019223	4828.0	2583.0	2566.0	9343.0	64613	71059	0.9870158161945324	153437	11909.0
GCF_002217945.1_ASM221794v1_genomic.fna	0.0026586428346881	8.757353931827368e-05	0.0309504035910869	2672040.0	87.0	1.0	0	0.179261383221182	0.0001100231330782	8.27083426894807e-05	0.0023448282083345	0.0040000002635153	1.0	1.0		False	1.0	3.0	0.4761904761904781	1.0	0.0	0.0	0.0	4.0	30	43	0.9665193297081344	5376	4.0
GCF_002370355.1_ASM237035v1_genomic.fna	0.0013684065345914	0.0009752276732044		1943136.0	2.0	1.0	0	0.0473483847404146	3.39702220509034e-05	0.0	0.0012075732659413		0.0	0.0		False					0.0	0.0	0.0	0.0	10	36	0.9282460989804984	162	0.0
GCF_002706375.1_ASM270637v1_genomic.fna	16.223245545200616	0.433794388634963	0.0079062987614524	2172769.0	1.0	1.0	0	45.66847115730138	0.0309834506447299	0.3599291963388653	0.9999993992733412	0.0077343442934456	0.9847105593937928	0.989224377687672		False	57165.0	105.30025365170997	0.3712763567479733	0.9753208350873076	11957.0	8427.0	8308.0	15480.0	129410	149208	0.9778888213522258	323148	23788.0
GCF_002706425.1_ASM270642v1_genomic.fna	0.0130692513792949	0.003573427549578	0.0048694469584714	2951508.0	1.0	1.0	0	0.3743344590568151	0.0002178976837026	0.0006057920222476	0.0114738168548325	0.0	0.9865771812080536	0.9882550335570468		False	1.0	1.0	0.0217391304347827	1.0	24.0	21.0	21.0	11.0	141	259	0.9538221744579314	787	32.0
GCF_002706745.1_ASM270674v1_genomic.fna	0.0013656817691084	0.0002210170782716	0.0016523205697742	2551839.0	1.0	1.0	0	0.1111331962078577	6.957196572006325e-05	0.0001132516589016	0.0012051702005114	0.0	0.9930795847750816	0.9930795847750816		False					2.0	2.0	2.0	1.0	13	15	0.979877160656313	49	3.0
GCF_002849895.1_ASM284989v1_genomic.fna	0.0009151001093706	0.0002406405201165	0.0021737373958934	2401923.0	2.0	2.0	0	0.0659398910798526	4.2550526742688175e-05	0.0001144915969412	0.0008077070255014	0.0	0.9963636363636356	0.9963636363636356		False					1.0	1.0	1.0	0.0	8	10	0.9804697315297074	47	1.0
GCF_002871555.1_ASM287155v1_genomic.fna	0.2162641600872321	0.0444369282959432	0.0035996266596757	1980920.0	87.0	22.0	0	1.4199071395624954	0.0010133101406858	0.0174843002241382	0.1738354013642185	0.0	0.9808863866031472	0.9827342283816948		False	69.0	36.44927536231884	0.4252257466908524	1.0	662.0	598.0	595.0	202.0	1570	2425	0.9458935872597396	5832	797.0
GCF_002872255.1_ASM287225v1_genomic.fna	0.0004983946425867	0.0001808471624615		2582291.0	64.0	2.0	0	0.0417666451227829	2.605590285369889e-05	0.0	0.0004399856473179		0.0	0.0		False					0.0	0.0	0.0	0.0	5	6	0.9560928698997117	71	0.0
GCF_002907375.1_ASM290737v1_genomic.fna	0.0060847140989376	0.0009313054654167	0.00203641591134	1440988.0	22.0	3.0	0	0.2377811199241911	0.0001983861741343	0.0005877911544023	0.005358394860516	0.0	0.974025974025974	0.974025974025974		False					22.0	22.0	22.0	3.0	35	57	0.9559154073526476	289	25.0
GCF_002911475.1_ASM291147v1_genomic.fna	0.177708239497499	0.0099521616818536	0.0069268601257366	2366722.0	82.0	21.0	0	3.7222693563069775	0.0024279749767229	0.0060125354815647	0.1452244639739026	0.00461608191447	0.9723120168657764	0.9763879128601546		False	2347.0	120.37494674051982	0.2570425480411502	0.9454728605950876	394.0	336.0	336.0	261.0	1553	5184	0.9329088460275776	13271	597.0
GCF_002940945.1_ASM294094v1_genomic.fna	0.186923853684988	0.0189607910950569	0.0036693120717934	1873656.0	23.0	15.0	0	2.204353703629727	0.0016123905368095	0.0112624729406037	0.1521518798296074	0.0021311529305483	0.97829589612359	0.9803810065396644		False	260.0	76.09615384615384	0.4131332560066913	0.97876164638596	458.0	414.0	409.0	158.0	1277	2043	0.9488103008511296	5382	567.0
GCF_002953655.1_ASM295365v1_genomic.fna	0.002800951334659	0.0010006793210212	0.004386443818841	2103571.0	1.0	1.0	0	0.1130327091378518	7.7937469182997e-05	0.0002034635389059	0.00247018409026	0.0	0.9672897196261548	0.9672897196261548		False					14.0	14.0	14.0	0.0	21	69	0.9237333130011957	275	14.0
GCF_002970915.1_ASM297091v1_genomic.fna	0.0138361754206717	0.0008924290052746	0.0107335196740755	2552584.0	4.0	1.0	0	0.7068050018051015	0.000442463799407	0.0007055595428005	0.0121430141705034	0.010493172699189	0.983342587451416	0.9872293170460856		False	29.0	131.41379310344828	0.2571645904195594	0.9654901960784312	30.0	23.0	23.0	39.0	129	136	0.9389490441986734	303	62.0
GCF_002970935.1_ASM297093v1_genomic.fna	0.0075015548478436	0.0010661255691993	0.0104706131154207	2559736.0	4.0	1.0	0	0.2967951439041375	0.000185535561801	0.0005887325880481	0.0066019834420752	0.0	0.9907100199071002	0.9940278699402788		False					14.0	9.0	9.0	28.0	70	82	0.9353725848077704	217	37.0
GCF_002982135.1_ASM298213v1_genomic.fna	0.0121957179825098	0.0018559359457725	0.0129725902922013	2312041.0	4.0	2.0	0	0.4003364948805511	0.0002633314071495	0.0009191013481162	0.0107110428270802	0.0	0.9863529411764704	0.9952941176470588		False	2.0	35.5	0.6617647058823528	1.0	29.0	10.0	10.0	47.0	103	139	0.9615344829665458	364	57.0
GCF_002993975.1_ASM299397v1_genomic.fna	0.0011599174653067	0.0001983349439498	0.0029137530526914	1462173.0	12.0	1.0	0	0.0826263221329463	6.83873707950737e-05	0.0001955992895505	0.0010236828007713	0.0	0.986013986013985	0.986013986013985		False					4.0	4.0	4.0	0.0	6	15	0.9304597701149424	66	4.0
GCF_003072625.1_ASM307262v1_genomic.fna	0.4120397185380572	0.1106475737996188	0.0052303270344741	2044184.0	1.0	1.0	0	1.6131959208269226	0.0011283620611277	0.0317989965678236	0.3049914083928685	0.0	0.9866929218651448	0.9886312939402796		False	32.0	50.21875	0.2483902544086939	1.0	865.0	739.0	739.0	432.0	3091	3536	0.9773817889642546	7837	1171.0
GCF_003584685.1_ASM358468v1_genomic.fna	0.1495949695298178	0.0177396946375782	0.0016317423716142	1937632.0	1.0	1.0	0	1.7468369089526776	0.0012549870295606	0.0088293339498934	0.1237399383678659	0.0017038298414108	0.9899462239887772	0.9901215805471124		False	12.0	85.91666666666667	0.2104032085932898	1.0	172.0	169.0	169.0	28.0	1069	1426	0.9676430957975772	3294	197.0
GCF_003606365.2_ASM360636v2_genomic.fna	0.0002040535946397	0.0001068150585658		2714973.0	1.0	1.0	0	0.019962925209733	1.211595074364994e-05	0.0	0.0001801630927472		0.0	0.0		False					0.0	0.0	0.0	0.0	2	5	0.9303448275862068	23	0.0
GCF_003641145.1_ASM364114v1_genomic.fna	0.0051289450083403	0.0013694404887117	0.003485015247139	3368529.0	7.0	5.0	0	0.2822709426725479	0.0001538283424874	0.0001540731874357	0.004518618627026	0.0	0.980732177263962	0.980732177263962		False					10.0	10.0	9.0	3.0	63	81	0.9705648979105194	222	12.0
GCF_003641185.1_ASM364118v1_genomic.fna	0.0011709515758817	0.0004230025115944	0.0207300886247284	3671373.0	2.0	2.0	0	0.0781496208135865	4.078836895981102e-05	9.206365030194424e-05	0.0010334158991296	0.0	0.9911242603550297	0.9970414201183432		False					3.0	1.0	1.0	11.0	17	24	0.9746334029181852	98	12.0
GCF_003864335.1_ASM386433v1_genomic.fna	0.0009935492836453	0.0002338061356613	0.0016771487469943	1971719.0	21.0	1.0	0	0.0700442998840458	4.993596438925404e-05	0.0001344004901306	0.0008769192988026	0.0	0.9547169811320756	0.958490566037736		False					12.0	11.0	11.0	1.0	7	17	0.9288744630712324	61	12.0
GCF_003864415.1_ASM386441v1_genomic.fna	0.0001118871165741	0.0001118871165741		2529335.0	145.0	1.0	0	0.0106382339899944	6.727760538646124e-06	0.0	9.879144373881044e-05		0.0	0.0		False					0.0	0.0	0.0	0.0	1	4	0.9327586206896552	67	0.0
GCF_003885105.1_ASM388510v1_genomic.fna	0.0058407893678792	0.0016065535271672	0.0036742437373543	2972201.0	158.0	4.0	0	0.1919028068987655	0.0001119085711286	0.0005016484416767	0.0051441403709178	0.0	0.9832327297116028	0.9852448021462106		False					25.0	22.0	22.0	8.0	64	92	0.9659118013447928	231	30.0
GCF_003946025.1_ASM394602v1_genomic.fna	0.055066685342272	0.0028063294952405	0.0020753328288656	2605895.0	91.0	1.0	0	1.2132409671350046	0.0007542070838114	0.0025200554895726	0.0474606715831813	0.0003629630362546	0.9996954469316278	0.999847723465814		False					2.0	1.0	1.0	9.0	527	562	0.9604380161394718	1163	10.0
GCF_003946045.1_ASM394604v1_genomic.fna	0.0001751887699176	0.0001153995750466		3110930.0	36.0	1.0	0	0.0160640691948859	9.118295640032964e-06	0.0	0.0001546797196957		0.0	0.0		False					0.0	0.0	0.0	0.0	2	5	0.9311681485041452	18	0.0
GCF_003946085.1_ASM394608v1_genomic.fna	0.0014003930250562	0.000633000522556	0.0070588238099041	2797786.0	62.0	3.0	0	0.062460679776238	3.742519658189647e-05	2.430493254308924e-05	0.0012357828318582	0.0	0.9852941176470588	1.0		False					1.0	0.0	0.0	1.0	14	16	0.971923199300004	42	1.0
GCF_003946095.1_ASM394609v1_genomic.fna	0.0009062220960363	0.0004057198783011	0.018823528991026	2331658.0	67.0	1.0	0	0.0495903825728523	3.256991827528064e-05	7.29094918723039e-06	0.000799874040871	0.0	1.0	1.0		False					0.0	0.0	0.0	0.0	8	9	0.9620622539076482	26	0.0
GCF_003946145.1_ASM394614v1_genomic.fna	0.0029821455384798	0.0006599830290078	0.0	2290968.0	35.0	2.0	0	0.1441323735350471	9.537106363963035e-05	0.0002112644087564	0.0026297705895897	0.0	0.9958677685950412	0.9958677685950412		False					2.0	2.0	2.0	0.0	25	27	0.9615304384844614	69	2.0
GCF_003946165.1_ASM394616v1_genomic.fna	0.0001951418408892	0.0001951418408892		2864583.0	82.0	1.0	0	0.0140081033187892	8.300332071809954e-06	0.0	0.0001722954009474		0.0	0.0		False					0.0	0.0	0.0	0.0	2	2	0.9879310344827584	23	0.0
GCF_003946175.1_ASM394617v1_genomic.fna	0.0045326808043604	0.0011760363551856	0.003411687507249	2560295.0	55.0	2.0	0	0.1846376477499726	0.0001156405894635	0.0002741871542146	0.0039943583937228	0.0	0.9985754985754984	0.9985754985754984		False					1.0	1.0	1.0	2.0	44	44	0.9928493518978476	104	3.0
GCF_003946215.1_ASM394621v1_genomic.fna	0.0015240233180312	0.0006759537331885	0.0091313129121606	2318206.0	107.0	3.0	0	0.0710041894416974	4.6851328659310734e-05	9.49009708369312e-05	0.0013448075246658	0.0	0.9863636363636364	0.9909090909090909		False					3.0	2.0	2.0	3.0	13	38	0.947964801336356	152	5.0
GCF_003946245.1_ASM394624v1_genomic.fna	0.0021477385785283	0.0002207290993245	0.0024378445539224	3375178.0	82.0	2.0	0	0.1936408495061704	0.0001056589751615	0.0001247341621686	0.0018946560337751	0.0	1.0	1.0		False					0.0	0.0	0.0	2.0	27	28	0.9630039254085264	60	2.0
GCF_003946265.1_ASM394626v1_genomic.fna	0.0015187339602055	0.0004555088167128	0.0032449054100752	2693691.0	63.0	2.0	0	0.0942983837688297	5.759019549523508e-05	0.0001147124892944	0.001340143291741	0.0	0.9967637540453076	0.9967637540453076		False					1.0	1.0	1.0	1.0	15	16	0.9689655172413792	42	2.0
GCF_003946275.1_ASM394627v1_genomic.fna	0.0103168387049008	0.0019576898947507	0.0093273002722597	2566290.0	143.0	6.0	0	0.3439001471410355	0.0002158803746322	0.0007653071164989	0.0090684003483024	0.0	0.9928716904276984	0.995417515274949		False					14.0	9.0	9.0	26.0	97	126	0.96437056494835	326	35.0
GCF_003946325.1_ASM394632v1_genomic.fna	0.0095815824264921	0.0010819318515291	0.0024450933674106	2644344.0	95.0	2.0	0	0.3344653350476441	0.0002064230007139	0.000869780936217	0.0084248476590911	0.0	0.9952173913043478	0.9956521739130436		False					11.0	10.0	10.0	5.0	94	128	0.9489614039153308	409	15.0
GCF_003946335.1_ASM394633v1_genomic.fna	0.009678463124969	0.0004226679024132	0.0036354098679884	3007089.0	103.0	3.0	0	0.7079963757669381	0.0004096855512027	0.0002820002999578	0.0085096689786206	0.0022285517125618	0.9870283018867924	0.9870283018867924		False	7.0	9.142857142857142	0.8588961038961038	1.0	11.0	11.0	11.0	7.0	106	110	0.9619211389810476	248	18.0
GCF_003946345.1_ASM394634v1_genomic.fna	0.0002976273690623	0.0002976273690623		2718164.0	43.0	2.0	0	0.0172766569662488	1.0495667977080596e-05	0.0	0.0002627704366817		0.0	0.0		False					0.0	0.0	0.0	0.0	3	4	0.947116493656286	48	0.0
GCF_003946385.1_ASM394638v1_genomic.fna	0.0056735565058214	0.0008685792207984	0.0017785595831635	2698660.0	152.0	6.0	0	0.3293381566325731	0.0002016174227262	0.0002782862605885	0.0049972225243639	0.0	0.9946737683089214	0.9946737683089214		False					4.0	4.0	4.0	1.0	57	76	0.9629160085561054	229	5.0
GCF_003946395.1_ASM394639v1_genomic.fna	0.0011731687586152	0.000562856130662		2718279.0	54.0	2.0	0	0.0530972488759126	3.226930050543908e-05	0.0	0.0010353716463757		0.0	0.0		False					0.0	0.0	0.0	0.0	12	15	0.9466238067406976	41	0.0
GCF_003946445.1_ASM394644v1_genomic.fna	0.0014432517366745	0.0003643511225766	0.0093816666728272	3038278.0	127.0	1.0	0	0.0844644760544201	4.866126463065494e-05	0.0001379070644621	0.0012735795917527	0.0	0.9832935560859188	0.990453460620525		False					7.0	4.0	4.0	4.0	16	39	0.939581487095734	136	8.0
GCF_003946515.1_ASM394651v1_genomic.fna	0.0003644801261917	0.0001625793094009		2644863.0	77.0	2.0	0	0.0311635456562999	1.9218231234750333e-05	0.0	0.0003217841677929		0.0	0.0		False					0.0	0.0	0.0	0.0	4	15	0.9387720319619686	57	0.0
GCF_003946545.1_ASM394654v1_genomic.fna	0.0006121448999133	0.0002347012957067	0.0	2185757.0	35.0	1.0	0	0.0445757172185338	3.0199102877951085e-05	1.235269977403706e-05	0.000540377889872	0.0	1.0	1.0		False					0.0	0.0	0.0	0.0	5	15	0.9292986069681424	44	0.0
GCF_003946555.1_ASM394655v1_genomic.fna	0.003706089655691	0.0007479030984991	0.0008846361854758	2632694.0	54.0	1.0	0	0.1711247340408193	0.0001056830416441	0.0003661648486303	0.0032671284486834	0.0	0.9979253112033196	0.9989626556016598		False					2.0	1.0	1.0	1.0	36	37	0.9581365939901578	109	2.0
GCF_003946575.1_ASM394657v1_genomic.fna	0.0017323636626843	0.000213821905925	0.0074182705957541	2707861.0	41.0	1.0	0	0.1343419724144395	8.176306899730255e-05	0.0001798467498885	0.001528507754437	0.0	0.9897330595482544	0.9897330595482544		False					5.0	5.0	5.0	1.0	17	19	0.9313725490196078	79	6.0
GCF_003946605.1_ASM394660v1_genomic.fna	0.0037365349538095	0.0012027530575001	0.0041958256650366	2237367.0	17.0	3.0	0	0.1239589090982555	8.293530880012466e-05	0.0003235946538945	0.0032939234558909	0.0	0.9861878453038674	0.9903314917127072		False					10.0	7.0	7.0	3.0	31	60	0.9444828799609808	150	10.0
GCF_003946625.1_ASM394662v1_genomic.fna	0.0001245512524002	0.0001245512524002		2272157.0	37.0	1.0	0	0.0111777727620117	7.427532605435212e-06	0.0	0.0001099727084277		0.0	0.0		False					0.0	0.0	0.0	0.0	1	30	0.9243637155781084	175	0.0
GCF_003946645.1_ASM394664v1_genomic.fna	0.0002226027870342	0.0001164323088211		2533661.0	33.0	1.0	0	0.0208813286870232	1.3135613240724162e-05	0.0	0.0001965389446418		0.0	0.0		False					0.0	0.0	0.0	0.0	2	12	0.9248797710429676	107	0.0
GCF_003946655.1_ASM394665v1_genomic.fna	0.1623965562774392	0.0072581583237882	0.0033169785142115	2639237.0	50.0	4.0	0	2.1487240357139896	0.0013251524896689	0.0065939512063524	0.133589235690832	0.0007411793701625	0.9987358501407804	0.9988507728552548		False	92.0	28.30434782608696	0.843806096972414	1.0	22.0	20.0	20.0	98.0	1571	1675	0.9573176172894464	3517	118.0
GCF_003946675.1_ASM394667v1_genomic.fna	0.217390341549587	0.0081403501148581	0.0041911596936997	2393386.0	77.0	5.0	0	2.708112691340851	0.0017561523009546	0.007446772062676	0.1746565461547808	0.0043423290393709	0.9968579924816248	0.9984851035179264		False	272.0	50.1764705882353	0.820846068564395	1.0	56.0	27.0	27.0	146.0	1906	2145	0.9636432933877624	4525	173.0
GCF_003946695.1_ASM394669v1_genomic.fna	0.0004340083156816	0.0004340083156816		2430829.0	63.0	2.0	0	0.0208825130689049	1.3428705177646112e-05	0.0	0.0003831559197619		0.0	0.0		False					0.0	0.0	0.0	0.0	4	27	0.9234701867458058	157	0.0
GCF_003946725.1_ASM394672v1_genomic.fna	0.0041391484310801	0.0009126935536726	0.0030027261840773	2825702.0	41.0	4.0	0	0.1616325269851354	9.629344478831732e-05	0.0004678483435266	0.0036481971639208	0.0	0.9954614220877458	0.9969742813918304		False					6.0	4.0	4.0	4.0	43	59	0.9485345430661504	235	8.0
GCF_003950295.1_ASM395029v1_genomic.fna	0.0016786841434897	0.0004217684376873	0.0016979979797148	2622292.0	89.0	3.0	0	0.1162721821477648	7.204674965816628e-05	0.0001353777535072	0.0014811800671169	0.0	0.9859154929577464	0.9859154929577464		False					5.0	5.0	5.0	0.0	16	32	0.9474699211147232	113	5.0
GCF_004010835.2_ASM401083v2_genomic.fna	0.0004112405082242	0.000281219557121		2030442.0	2.0	1.0	0	0.0259084058691727	1.818395245774432e-05	0.0	0.0003630594467248		0.0	0.0		False					0.0	0.0	0.0	0.0	3	6	0.9689655172413794	19	0.0
GCF_004101845.1_ASM410184v1_genomic.fna	0.0073889093832	0.0031103233410956	0.0023736679646635	1916521.0	2.0	2.0	0	0.1801883947991744	0.0001301713666369	0.0004028132225005	0.0065031692550769	0.0	0.9844559585492224	0.9844559585492224		False					12.0	12.0	12.0	1.0	52	118	0.946226114943698	520	13.0
GCF_004115745.1_ASM411574v1_genomic.fna	0.0001123054708807	0.0001123054708807		2430870.0	70.0	1.0	0	0.0106274763841264	6.836024222940849e-06	0.0	9.916081402916443e-05		0.0	0.0		False					0.0	0.0	0.0	0.0	1	1	0.9896551724137932	3	0.0
GCF_004117915.1_ASM411791v1_genomic.fna	0.001132610727689	0.0003537742920017	0.0074862098017483	1500957.0	8.0	1.0	0	0.069393413898776	5.667165200792982e-05	9.394006623774024e-05	0.000999595343945	0.0	0.9574468085106382	0.9574468085106382		False					6.0	6.0	5.0	1.0	6	30	0.9300205615881036	226	6.0
GCF_004354555.1_ASM435455v1_genomic.fna	0.0013252362931541	0.0001571854908035	0.0	1844954.0	10.0	1.0	0	0.106220716603272	7.82441896622712e-05	0.0001571854908035	0.0011694992489545	0.0	0.9896551724137912	0.9896551724137912		False					3.0	3.0	3.0	0.0	9	9	0.9890934346903572	29	3.0
GCF_004358325.1_ASM435832v1_genomic.fna	6.290034830240237e-05	6.290034830240237e-05		3020651.0	1.0	1.0	0	0.0079309870942151	4.5634302584444175e-06	0.0	5.553946517777853e-05		0.0	0.0		False					0.0	0.0	0.0	0.0	1	29	0.9241170526598133	204	0.0
GCF_004359375.1_ASM435937v1_genomic.fna	0.0081228386011148	0.0030759142059971	0.001593993314357	1616430.0	1.0	1.0	0	0.1782756099022785	0.000140229854485	0.0003148914583371	0.0071468057339902	0.0	1.0	1.0		False					0.0	0.0	0.0	0.0	50	50	0.998256528639446	140	0.0
GCF_004521965.1_ASM452196v1_genomic.fna	0.0001387912624184	0.0001387912624184		2010213.0	101.0	1.0	0	0.0118397818003605	8.392973484265843e-06	0.0	0.0001225451754419		0.0	0.0		False					0.0	0.0	0.0	0.0	1	1	0.9793103448275862	8	0.0
GCF_004745505.1_ASM474550v1_genomic.fna	0.0007741561454131	0.0003515407519	0.0	2870222.0	67.0	1.0	0	0.0478983586291458	2.833864733222025e-05	2.6130382945987772e-05	0.0006833462889043	0.0	0.9866666666666664	0.9866666666666664		False					1.0	1.0	1.0	0.0	8	12	0.9562171876864336	30	1.0
GCF_004745525.1_ASM474552v1_genomic.fna	0.0118036948190047	0.0017865633370912	0.0052645785522529	2601643.0	68.0	1.0	0	0.3292498989013671	0.0002046633084129	0.0010797023265682	0.0103685347930391	0.0	0.9925240299038804	0.9960840156639372		False					21.0	11.0	10.0	27.0	112	117	0.9501754204456256	269	37.0
GCF_004766315.1_ASM476631v1_genomic.fna	0.0006365559164712	0.0003223410811067		2215045.0	95.0	1.0	0	0.0388649682282661	2.6226346713809016e-05	0.0	0.0005619209375059		0.0	0.0		False					0.0	0.0	0.0	0.0	5	6	0.949994034124806	23	0.0
GCF_004771295.1_ASM477129v1_genomic.fna	0.0003560458266794	0.0003560458266794		2373290.0	4.0	1.0	0	0.0188689965459275	1.2250299347640756e-05	0.0	0.0003143390500831		0.0	0.0		False					0.0	0.0	0.0	0.0	3	24	0.919049627342216	151	0.0
GCF_005404815.1_ASM540481v1_genomic.fna	0.0118436364767067	0.0001501790571004	0.0114796071520967	3023058.0	66.0	1.0	0	0.9304999966657664	0.0005363440223011	0.0001498482662257	0.0104034369788118	0.0048508673389523	0.9889624724061812	0.9933774834437086		False	6.0	125.83333333333331	0.1765724628916906	1.0	5.0	3.0	1.0	13.0	137	143	0.986456713594732	373	14.0
GCF_005405085.1_ASM540508v1_genomic.fna	0.0015494920310585	0.0002668998269885	0.0004864759912841	2851257.0	46.0	2.0	0	0.1042423703624478	6.183408842759335e-05	0.0002002625508679	0.0013672659025296	0.0	0.9719789842381786	0.9719789842381786		False					16.0	16.0	16.0	0.0	16	39	0.93461218731112	87	16.0
GCF_005405105.1_ASM540510v1_genomic.fna	9.171616389581944e-05	9.171616389581944e-05		3107413.0	71.0	1.0	0	0.0095983704680443	5.4574864386774815e-06	0.0	8.09820934932759e-05		0.0	0.0		False					0.0	0.0	0.0	0.0	1	8	0.9266666666666667	22	0.0
GCF_005405145.1_ASM540514v1_genomic.fna	0.0018294141251319	0.0009657936660602		1751927.0	45.0	3.0	0	0.0694600875368122	5.2613337514335646e-05	0.0	0.0016140686603056		0.0	0.0		False					0.0	0.0	0.0	0.0	12	41	0.967939978147458	136	0.0
GCF_005405165.1_ASM540516v1_genomic.fna	0.0014304336979399	0.0006068187168612	0.001509661907735	2845990.0	99.0	4.0	0	0.0718922138224136	4.276428906199919e-05	6.465237052835742e-05	0.0012622756143709	0.0	0.9782608695652174	0.9782608695652174		False					4.0	4.0	4.0	0.0	15	31	0.9417336966437416	112	4.0
GCF_005405185.1_ASM540518v1_genomic.fna	0.0047660768255519	0.000607491882556	0.0134553934137026	2706209.0	154.0	3.0	0	0.2434392061950878	0.0001488317240237	0.0003370027961624	0.0041996027383641	0.0	0.9956140350877192	0.9978070175438596		False	4.0	2.25	0.4613834422657953	1.0	4.0	2.0	2.0	23.0	47	50	0.9617308951518682	124	25.0
GCF_005405405.1_ASM540540v1_genomic.fna	0.0062876892063326	0.0003852191694327	0.0143284605500476	2762064.0	77.0	2.0	0	0.4477011360959407	0.000270137892805	0.0002650192030307	0.0055366455370579	0.0	0.9863387978142076	0.9972677595628416		False	42.0	66.64285714285714	0.2130552140547922	0.9935897435897436	10.0	2.0	2.0	27.0	63	67	0.9673596303059055	145	29.0
GCF_005405445.1_ASM540544v1_genomic.fna	0.0203669285961744	0.0018169448153148	0.0115160986162125	1994557.0	112.0	6.0	0	0.7549822227873663	0.0005376084584001	0.0009896934507261	0.0178232509264164	0.0182855993677521	0.9807497467071936	0.9893617021276596		False	179.0	79.97206703910615	0.4471287284788124	0.9950530888030888	38.0	21.0	21.0	44.0	147	184	0.9790997145075572	459	65.0
GCF_005405465.1_ASM540546v1_genomic.fna	0.0031089636298353	0.0014240765152462	0.0	1974613.0	43.0	6.0	0	0.094787103591527	6.760147478842284e-05	0.0001266070870595	0.0027414502284802	0.0	0.9879999999999995	0.9879999999999995		False					3.0	3.0	3.0	0.0	23	66	0.9585872256045216	149	3.0
GCF_005405545.1_ASM540554v1_genomic.fna	0.0042372577794653	0.0005389567054645	0.0023039809354036	1814617.0	28.0	2.0	0	0.2324876881853239	0.000172853729745	0.0003185245150905	0.0037345079345723	0.0	0.991349480968858	0.991349480968858		False					5.0	5.0	5.0	0.0	28	39	0.9662567317739732	105	5.0
GCF_006777025.1_ASM677702v1_genomic.fna	0.0008237249295498	0.0004097979912672		1937540.0	3.0	2.0	0	0.0448182554184983	3.22030477108021e-05	0.0	0.0007270846585473		0.0	0.0		False					0.0	0.0	0.0	0.0	6	52	0.956632795105872	196	0.0
GCF_007095465.1_ASM709546v1_genomic.fna	0.0258282793506183	0.001876734986722	0.0104840399376542	1661396.0	44.0	5.0	0	0.861458789834763	0.0006701180089176	0.0011634793872141	0.0225482712223284	0.0050790381881576	0.9865494050698396	0.991205380237972		False	181.0	77.23756906077348	0.4458539835983455	0.9976934523809524	26.0	17.0	16.0	50.0	156	191	0.9600776485913082	575	66.0
GCF_007115095.1_ASM711509v1_genomic.fna	0.0011121405688261	0.0004802202749522	0.0023703703173885	3065260.0	57.0	2.0	0	0.0606548784811433	3.4708931660617435e-05	4.404194097727422e-05	0.0009815380983118	0.0	0.9851851851851852	0.9851851851851852		False					2.0	2.0	2.0	0.0	13	16	0.9370592520641086	49	2.0
GCF_007570935.1_ASM757093v1_genomic.fna	0.0120094204767609	0.0022162708121906	0.0021513974325599	2074205.0	3.0	1.0	0	0.3440018487408486	0.0002388899423259	0.0008258585819626	0.0105482907174699	0.0	0.9970811441914768	0.9970811441914768		False					5.0	5.0	5.0	0.0	93	102	0.9870093950200902	358	5.0
GCF_007954625.1_ASM795462v1_genomic.fna	0.0005649922942882	0.0002355066890053		1787635.0	4.0	1.0	0	0.0407519083068435	3.048637915655053e-05	0.0	0.0004987637718326		0.0	0.0		False					0.0	0.0	0.0	0.0	4	7	0.9494252873563216	26	0.0
GCF_007990205.1_ASM799020v1_genomic.fna	0.0048706155444204	0.0006374619364112	0.0020161781233097	1968745.0	111.0	3.0	0	0.2683789396256447	0.0001923606873021	0.0003418421380117	0.0042915185291702	0.0	0.99851411589896	1.0		False					1.0	0.0	0.0	1.0	35	36	0.9840298341968788	111	1.0
GCF_009600965.1_ASM960096v1_genomic.fna	0.0046078489511779	0.0008314636725738	0.0076173223176243	2428248.0	35.0	2.0	0	0.211815549311075	0.0001361251246812	0.0003887576557254	0.0040604645540491	0.0	0.9841101694915254	0.9883474576271186		False					15.0	11.0	11.0	11.0	41	61	0.94696870849115	292	22.0
GCF_009600985.1_ASM960098v1_genomic.fna	0.007323278837893	0.0016627038306165	0.0039696785443726	2844764.0	306.0	8.0	0	0.2259061018737482	0.0001354027341793	0.0006967186030194	0.0064455926854336	0.0	0.9904137235116044	0.991422805247225		False					19.0	17.0	17.0	16.0	77	152	0.9551244791427894	480	33.0
GCF_009663775.1_ASM966377v1_genomic.fna	0.0232566134383003	0.0068185745316244	0.0044138375864613	2210726.0	127.0	15.0	0	0.3701282999700323	0.0002503769100603	0.0018156931252448	0.0203261704103316	0.0	0.9828101644245142	0.9857997010463376		False					69.0	57.0	56.0	26.0	188	297	0.9563131042449156	815	82.0
GCF_009683145.1_ASM968314v1_genomic.fna	0.0002892611299793	0.0001866037709132		1977452.0	32.0	1.0	0	0.0222732466913807	1.586479981294461e-05	0.0	0.0002553849614792		0.0	0.0		False					0.0	0.0	0.0	0.0	2	18	0.920602409638554	100	0.0
GCF_009687905.1_ASM968790v1_genomic.fna	0.0010230607966457	0.0001951219512195	0.0019262760666245	2444625.0	40.0	1.0	0	0.0867439896778638	5.5570606191011767e-05	0.0001153551158153	0.0009029547742084	0.0	0.9645390070921984	0.9645390070921984		False					10.0	10.0	10.0	1.0	9	137	0.925983052976991	299	11.0
GCF_009695655.1_ASM969565v1_genomic.fna	0.0068527822295852	0.000834738903995	0.0022104569766074	2498985.0	77.0	1.0	0	0.3494863995813366	0.0002217639012077	0.0004381779002274	0.0060327362377848	0.0	1.0	1.0		False	1.0	59.0	0.052631578947368	1.0	0.0	0.0	0.0	5.0	64	65	0.943852292603698	174	5.0
GCF_009695985.1_ASM969598v1_genomic.fna	1.3287855412373606	0.0177088867883928	0.0070679601256922	2188901.0	80.0	30.0	0	22.951726850646462	0.0155702468086155	0.0125469356540108	0.6906610361451062	0.0053988369130501	0.9796824934459656	0.984962132245849		False	2318.0	127.87834339948232	0.7162570256943364	0.99300295538254	558.0	413.0	401.0	435.0	10625	13748	0.9568395006253968	34471	836.0
GCF_009764355.1_ASM976435v1_genomic.fna	0.0261862298889224	0.0058993214901807	0.0032138751620119	3699578.0	79.0	17.0	0	0.4481248508816931	0.0002334814396403	0.0021918716134651	0.0228571658894397	0.0	0.997656924404982	0.999136761622888		False					19.0	7.0	7.0	30.0	359	363	0.9896015102730824	797	37.0
GCF_009864005.1_ASM986400v1_genomic.fna	0.0009275772560252	0.0003117537759895	0.0017543859649122	2732926.0	30.0	2.0	0	0.0645339604403595	3.90797450488768e-05	0.0001042838335176	0.0008187153865888	0.0	0.99298245614035	0.99298245614035		False					2.0	2.0	2.0	1.0	9	17	0.9558292282430214	75	3.0
GCF_011304355.1_ASM1130435v1_genomic.fna	0.0008635599920931	0.000671451867958		1618880.0	1.0	1.0	0	0.0360084362186432	2.8302441079622067e-05	0.0	0.0007622328258746		0.0	0.0		False					0.0	0.0	0.0	0.0	6	66	0.9280588076818044	218	0.0
GCF_012641075.1_ASM1264107v1_genomic.fna	0.0028111910643325	0.0008695552111941	0.0038481764374027	2607080.0	139.0	2.0	0	0.1310224178467613	8.158239457255011e-05	0.0002355125274253	0.0024792033961695	0.0	0.993485342019544	0.995114006514658		False					4.0	3.0	3.0	2.0	27	31	0.9650404642708664	91	5.0
GCF_012641185.1_ASM1264118v1_genomic.fna	0.1894295839525825	0.0026845719784116	0.0122941757796018	2612707.0	87.0	7.0	0	5.009464504151244	0.0031095462325539	0.0024530113786199	0.1540257207620677	0.0079454000219126	0.977687626774848	0.9876735840224684		False	1750.0	125.13942857142855	0.325493818116583	0.9442671776008822	143.0	79.0	75.0	216.0	1846	2891	0.957768661408678	8861	291.0
GCF_012843675.1_ASM1284367v1_genomic.fna	2.035089952606539	0.3969937330710578	0.0020166926216542	1979598.0	54.0	44.0	0	5.301942550530143	0.0037786315648782	0.1710731168651412	0.8342018887613925	0.0003840014381781	0.9886049560616084	0.9891837144476991		False	465.0	105.86451612903224	0.2413191644737835	0.9467993318955654	3859.0	3663.0	3659.0	882.0	14702	15548	0.979063298127306	32251	4541.0
GCF_013394045.1_ASM1339404v1_genomic.fna	0.001128201155735	0.0006342776042099		2607691.0	3.0	2.0	0	0.0506817591108064	3.138872451703094e-05	0.0	0.0009957055764133		0.0	0.0		False					0.0	0.0	0.0	0.0	11	32	0.9559158438401943	128	0.0
GCF_013407595.1_ASM1340759v1_genomic.fna	2.1103420477560865e-05	2.1103420477560865e-05		2843141.0	11.0	1.0	0	0.0045955757787729	2.726521338793803e-06	0.0	1.863414666380958e-05		0.0	0.0		False					0.0	0.0	0.0	0.0	1	2	0.9395995550611792	26	0.0
GCF_013487845.1_ASM1348784v1_genomic.fna	0.0698885359926714	0.0081490684819793	0.010944975597533	2187612.0	2.0	2.0	0	2.241613603403793	0.0015157075461162	0.0025621545319736	0.0598459905345684	0.0212176369611548	0.9739518287243528	0.9826940231935768		False	1255.0	132.43426294820716	0.1419277919035061	0.952244426951818	146.0	97.0	96.0	155.0	606	2819	0.9421977701618952	7443	251.0
GCF_013607485.1_ASM1360748v1_genomic.fna	0.0004435864378846	0.0001545076356676		1805736.0	164.0	1.0	0	0.0313528324464694	2.3546717570918363e-05	0.0	0.0003916101253821		0.0	0.0		False					0.0	0.0	0.0	0.0	3	9	0.9491379310344829	96	0.0
GCF_013694365.1_ASM1369436v1_genomic.fna	2.8539853198041683	0.4385748060452603	0.0043092095018931	2085667.0	1.0	1.0	0	9.262516915277509	0.0064139778705952	0.1942505682834316	0.9195459477797456	0.0094386219402475	0.9946142340216516	0.9965863820586364		False	5371.0	104.54142617762056	0.3030845090401571	0.9656601234579664	2182.0	1383.0	1368.0	3110.0	21940	25001	0.9843689477471133	55422	4478.0
GCF_014058425.1_ASM1405842v1_genomic.fna	0.0016643019642847	0.000421681898073	0.0006811409161008	2497143.0	2.0	2.0	0	0.105016192187153	6.64613920633201e-05	0.0001161327164683	0.0014684993325531	0.0	0.9862068965517172	0.9862068965517172		False					4.0	4.0	4.0	0.0	15	18	0.9709195402298852	57	4.0
GCF_014131735.1_ASM1413173v1_genomic.fna	0.0390018442203046	0.0008331912887819	0.0072769056625512	3250154.0	2.0	2.0	0	2.735876782821811	0.0015176490600393	0.000241219339145	0.0338523681519041	0.0053654136514305	0.98214285714285	0.9872448979591786		False	77.0	90.94805194805195	0.30628369753781	0.9568725265021246	14.0	10.0	8.0	16.0	463	471	0.9762047999218147	1245	24.0
GCF_014145435.1_ASM1414543v1_genomic.fna	0.0109748095963277	0.0035502148244004	0.0020600981035676	2307466.0	61.0	10.0	0	0.2193419190615545	0.0001447788830346	0.0009772625035428	0.0096439528001472	0.0	0.9831485587583144	0.9831485587583144		False					38.0	38.0	38.0	5.0	93	298	0.9474193537622928	798	43.0
GCF_014145505.1_ASM1414550v1_genomic.fna	0.0411002863730383	0.0116333960028695	0.0041944768022385	1720134.0	44.0	17.0	0	0.4858970278008716	0.0003714300014475	0.0030625521034988	0.0356409091657334	0.0	0.985763097949886	0.9869020501138952		False					75.0	69.0	69.0	30.0	258	611	0.9404719822633422	1976	99.0
GCF_014145545.1_ASM1414554v1_genomic.fna	0.0349469447984438	0.0092518612918371	0.0047929124202922	1863625.0	67.0	16.0	0	0.5104310447382029	0.0003752536502909	0.0025251861291836	0.0303868992483001	0.0	0.9791755206119844	0.9827879303017424		False	3.0	14.666666666666666	0.5644268774703557	1.0	98.0	81.0	81.0	37.0	237	387	0.959513760921093	914	118.0
GCF_014145615.1_ASM1414561v1_genomic.fna	0.1479301242815823	0.0372236790833359	0.0025912659944856	2088966.0	76.0	22.0	0	1.0281079847917547	0.0007139354743417	0.0119288681577392	0.1224508376493317	0.0	0.9812994100886872	0.98230266062041		False	1.0	8.0	0.0789473684210524	1.0	466.0	441.0	441.0	80.0	1134	1442	0.9700213553502632	3186	521.0
GCF_014207505.1_ASM1420750v1_genomic.fna	0.0012358155833598	0.0004762009381213		1820660.0	16.0	2.0	0	0.0628501089068868	4.662015610163356e-05	0.0	0.0010906299904395		0.0	0.0		False					0.0	0.0	0.0	0.0	8	11	0.9534482758620688	99	0.0
GCF_014323605.1_ASM1432360v1_genomic.fna	0.0001287076030092	0.0001287076030092		1911309.0	39.0	1.0	0	0.0099111032959457	7.183641476454488e-06	0.0	0.0001136423556754		0.0	0.0		False					0.0	0.0	0.0	0.0	1	1	0.986206896551724	19	0.0
GCF_014635905.1_ASM1463590v1_genomic.fna	0.0904666150891185	0.0159220410847225	0.0032934102523652	2308498.0	25.0	6.0	0	0.9488360255033068	0.0006251688639433	0.0077136735661022	0.0767747389594277	0.0	0.983770427360027	0.985792104228674		False	18.0	77.27777777777777	0.5264766714766715	1.0	289.0	253.0	253.0	108.0	764	1039	0.9465581340851912	2337	361.0
GCF_900103655.1_IMG-taxon_2597490363_annotated_assembly_genomic.fna	0.7036296118410904	0.0155161020038983	0.007295871465879	2281952.0	84.0	30.0	0	15.0625752980146	0.0100080773163251	0.0112193420369928	0.462757093692658	0.0055625848571983	0.9738301695180064	0.9783610655417544		False	1998.0	103.54154154154156	0.4635821200779794	0.9895435519235612	670.0	554.0	541.0	461.0	5920	8614	0.9480591360224616	22049	1002.0
GCF_900110005.1_IMG-taxon_2654588114_annotated_assembly_genomic.fna	0.0756954508692796	0.0014628215357726	0.0186470590667108	1842330.0	28.0	4.0	0	3.352909912888234	0.0024739979946526	0.0008071301015561	0.064654297858229	0.0209381905846982	0.9623402824478816	0.9811701412239408		False	815.0	134.3717791411043	0.5576840951372495	0.9769340926938312	56.0	28.0	27.0	70.0	510	772	0.9377212413980028	1703	97.0
GCF_900113455.1_IMG-taxon_2593339155_annotated_assembly_genomic.fna	0.038358990060165	0.0010691529502046	0.0063243616514326	2038062.0	58.0	4.0	0	1.840162550925356	0.0012926681939688	0.0005407097526964	0.0333037882110314	0.0070425031859685	0.9637023593466422	0.968239564428312		False	29.0	137.44827586206895	0.8982153969687846	1.0	40.0	35.0	34.0	11.0	290	552	0.932153772050012	1733	45.0
GCF_900156885.1_PRJEB18962_genomic.fna	0.049610099728833	0.0085748113742626	0.005203299078834	2237367.0	11.0	6.0	0	0.9014015494628024	0.0006029251623106	0.0033405337613363	0.0428601055946311	0.0012892209607235	0.9886272411024886	0.9906341985549906		False	2.0	19.5	1.0	1.0	85.0	70.0	68.0	60.0	409	646	0.9430107346300136	1764	128.0
GCF_900240275.1_PRJEB20106_genomic.fna	0.0493718439515588	0.0076743181445786	0.0132547011610637	1678325.0	16.0	2.0	0	0.906909570930738	0.0007007135322488	0.0033217642590082	0.0426587214631021	0.0477594475867943	0.9881614349775784	0.993542600896861		False	649.0	98.2542372881356	0.1788797895454922	0.9195541765229552	66.0	36.0	33.0	154.0	301	338	0.9817344312988112	764	187.0
GCF_900765635.1_SRS294961_28_genomic.fna	0.0784137237253137	0.0045224362914855	0.0037400333250644	2228666.0	324.0	7.0	0	1.677281796349942	0.001140226033131	0.0030224358427866	0.0668966551172383	0.0009628528454037	0.9878266033254156	0.9897565320665084		False	12.0	58.41666666666666	0.240430426488772	1.0	82.0	69.0	67.0	50.0	645	787	0.9536571189217	1957	117.0
S10C1039.fna	0.1275607768325247	0.0253214985737733	0.0029115546972323	1757084.0	78.0	45.0	0	1.5608030516812224	0.0011827378241962	0.0056821415481558	0.1065243221332308	0.0016179795125391	0.9903846153846152	0.9912860576923076		False	33.0	41.121212121212125	0.1521244022023435	1.0	96.0	87.0	87.0	66.0	821	898	0.9856931353638052	1951	153.0
S10C1297.fna	0.0895270377830651	0.0160165726741902	0.0030611822373957	1884548.0	176.0	60.0	0	1.241187370857477	0.0009127001972802	0.0052919851338357	0.0760084702894984	0.0017658093820129	0.9855610147397974	0.9867642635114808		False	53.0	56.15094339622642	0.3476410184658733	0.9794973544973544	144.0	132.0	132.0	57.0	619	727	0.9864462492373418	1667	189.0
S10C3913.fna	0.571814692882737	0.1762927663289619	0.0031730914037098	1374475.0	16.0	16.0	0	1.682982835696133	0.0014372011826683	0.0416006111424361	0.3964415393650036	0.0	0.9863761171059304	0.9877577432274086		False	3.0	14.0	0.1378669639539205	1.0	779.0	700.0	697.0	241.0	2855	3039	0.9804387966033868	6197	938.0
S10C455.fna	0.0003885792847458	0.0002609032340436		2161721.0	244.0	2.0	0	0.0256640910456428	1.765567640021111e-05	0.0	0.0003430566510362		0.0	0.0		False					0.0	0.0	0.0	0.0	3	3	0.9913793103448276	7	0.0
S12C1500.fna	0.0031802029740932	0.0010725313248024	0.0053703377986776	1524431.0	53.0	2.0	0	0.1290737502457122	0.0001049057697888	0.0001902349138793	0.0028041801473273	0.0	0.9551724137931032	0.958620689655172		False					13.0	12.0	12.0	2.0	18	62	0.9188680149695864	153	14.0
S13C2782.fna	4.0259665720919	0.6506992647987596	0.0056390561312269	1353779.0	44.0	44.0	2	5.240396466729602	0.0045186276434596	0.3387281085022001	0.9714165809609266	0.0008662273934885	0.9936017515586736	0.9962404293412248		False	531.0	50.41619585687382	0.475729813721596	0.9907696133027504	2934.0	1724.0	1714.0	4445.0	19995	20883	0.9878006808759232	42397	6159.0
S14C1039.fna	0.0627870765968252	0.0209524148961289	0.0017345022633739	1795688.0	39.0	30.0	0	0.5297266390738353	0.0003961701775901	0.0042774691371774	0.0539321492215383	0.0	0.9916677515948444	0.9921885171201666		False					64.0	60.0	60.0	9.0	428	469	0.9849647759478144	1081	69.0
S14C330.fna	0.0145945735172241	0.0030575569624718	0.0026048389331687	1615669.0	51.0	4.0	0	0.36121677336464	0.0002850802178827	0.0012248796009578	0.0128043264781305	0.0	0.9898938858009096	0.990399191510864		False					20.0	19.0	19.0	4.0	86	183	0.9489447728581782	576	23.0
S14C589.fna	15.389620780724618	0.9251601667549302	0.0026320457650776	1740998.0	132.0	132.0	14	11.285339096327274	0.0086185376528149	0.8272272570100597	0.9999987458282324	0.0020116006779304	0.996805307037004	0.9978516887573332		False	2757.0	75.00870511425462	0.3932187012401995	0.9967201625435284	4601.0	3094.0	3077.0	7653.0	97695	98563	0.9933103089420976	202005	10730.0
S15C1039.fna	0.0638616543576982	0.0213082047851908	0.0013107259738083	1731258.0	71.0	45.0	0	0.6004276094392107	0.0004582139406524	0.0041709554555126	0.0548294020005152	0.0	0.9889212020495776	0.9893366569727184		False					80.0	77.0	77.0	9.0	404	427	0.9855098316923548	984	86.0
S16C442.fna	5.884844718133446	0.7801523328746013	0.0038630082835388	1576810.0	164.0	164.0	4	6.353482574856211	0.0051131311151315	0.4770213278708278	0.9944630855181414	0.002041559278528	0.9963186611572884	0.9979100524879948		False	1035.0	71.23478260869565	0.3956693446220145	0.9976971479375324	2769.0	1572.0	1563.0	4898.0	34061	34323	0.991875393886617	69426	6461.0
S16C670.fna	0.0846210928899363	0.0172812915378906	0.0037863531383302	1962064.0	62.0	43.0	0	1.1659233347004214	0.0008350071982723	0.0051904525030783	0.0719971035458939	0.0013788745545122	0.98586017282011	0.9880204241948154		False	21.0	123.52380952380952	0.3462470874230025	1.0	144.0	122.0	120.0	65.0	610	798	0.9884253292232452	1653	185.0
S18C2441.fna	6.569208737488307	0.7624644608212945	0.0041788688209744	1524374.0	45.0	45.0	4	7.625731643606951	0.0061947209180045	0.4917959765779264	0.9969742954792726	0.0024102657654495	0.9946643972569666	0.9967239399157776		False	2173.0	76.62126092959043	0.5341244984244926	0.9934439629932268	4000.0	2456.0	2445.0	5447.0	36949	39445	0.9891733792486426	80589	7892.0
S20C3157.fna	3.418263480622042	0.5842217086873863	0.005595829868287	1503306.0	33.0	33.0	1	4.782513910015842	0.0039092022233751	0.2852393325111454	0.951117051922641	3.505329724526542e-05	0.9929524582441314	0.9955340693373632		False	389.0	62.34961439588689	0.4690576507990784	0.9980554205153136	3022.0	1915.0	1905.0	4055.0	18851	19858	0.9861387469093282	40323	5960.0
S24C362.fna	134.93347189963055	0.9753331035744716	0.0069984484620234	1781578.0	116.0	116.0	125	87.12709038425454	0.0657048175621365	0.9645875734882222	1.0	0.0067551082627982	0.996738993813166	0.9990241421528692		False	218037.0	127.6181886560538	0.2605729886242915	0.943124832187938	5604.0	1677.0	1644.0	31057.0	883686	898588	0.9910507567695388	1825091	32701.0
S28C2674.fna	0.7726266042449391	0.2108870237962848	0.0033972672044351	1375803.0	33.0	32.0	0	2.223307638701973	0.001900053360396	0.056662908861225	0.4945111466710836	0.0006116165242074	0.9884038636684326	0.990353656502944		False	699.0	122.84978540772532	0.1243492196846002	0.943700302747855	904.0	752.0	751.0	447.0	3867	4106	0.9818238397293264	8438	1198.0
S2C1297.fna	0.0407065660282859	0.0140914425986124	0.0012748427872298	1900799.0	68.0	42.0	0	0.4579943427298574	0.0003333890869741	0.0026741386122362	0.035305586558965	0.0	0.9948849104859336	0.9948849104859336		False					26.0	26.0	26.0	10.0	287	301	0.9877201465174916	662	36.0
S2C205.fna	8.658574929629442	0.841026314192624	0.0044559342084619	1615022.0	77.0	77.0	6	14.816662646081376	0.011714987897043	0.5673396399553691	0.9995218192040894	0.0040570268925195	0.9961823313317312	0.9980715207156	4.113443227812513	False	8047.0	99.05368460295765	0.4030900728286077	0.9649430419542284	3498.0	1767.0	1759.0	7507.0	51471	53553	0.9905307334773292	111842	9266.0
S2C3320.fna	5.2267153021332975	0.6264512275181717	0.0045957306076978	2028972.0	62.0	55.0	2	8.589017122303844	0.0060483471488561	0.3817741200962852	0.9900996939856974	0.0028414775889375	0.992840258762808	0.9953447481245375		False	2380.0	69.56848739495798	0.5327055985324907	0.9936698039772346	5546.0	3606.0	3585.0	6310.0	39247	42125	0.9787264886924324	87478	9895.0
S33C4056.fna	0.6466250692066471	0.1875464646517476	0.0031492809347954	1338383.0	21.0	21.0	0	1.8041022819526185	0.0015619014111442	0.0494156007659989	0.4350228189138705	0.0	0.988614542540484	0.9901870360010282		False	1.0	18.0	1.000000000000001	1.0000000000000002	753.0	649.0	649.0	311.0	3153	3305	0.9838005724385572	6748	960.0
S36C1134.fna	0.5921523977383191	0.1509171961524964	0.0021651157072459	1783806.0	78.0	61.0	0	2.4828096764099303	0.0018671410282528	0.0444992336610595	0.4071836160873396	0.0002291605916445	0.9936884275239992	0.9943813147219632		False	911.0	120.09440175631174	0.1515029377666053	0.9190643422970156	501.0	446.0	442.0	266.0	3839	4089	0.9876372501313796	8886	708.0
S42C891.fna	0.0889979787942773	0.0150495138943778	0.0055292907726368	1771220.0	32.0	24.0	0	1.426473135731945	0.0010737755524481	0.0046719210487686	0.075576718409436	0.0026432636608831	0.9842900302114804	0.9859818731117824		False	335.0	93.55223880597016	0.1928490646589821	0.9945500251382604	130.0	116.0	116.0	113.0	595	875	0.9777259698291536	2117	229.0
S49C1120.fna	0.0005245091793756	0.0001348472181018		2150582.0	94.0	1.0	0	0.0455107282948252	3.117040835446107e-05	0.0	0.0004630343718707		0.0	0.0		False					0.0	0.0	0.0	0.0	4	4	0.986206896551724	8	0.0
S4C569.fna	24.208023505742023	0.8881239075194289	0.0031094608042484	1644194.0	55.0	51.0	22	18.88330768323782	0.0147760827512594	0.8341497414538673	0.9999999994792156	0.00305998045695	0.9943412487313198	0.9959759504893898		False	8877.0	79.51425030978935	0.5230521775247207	0.992539195751183	7761.0	5519.0	5500.0	9306.0	146726	148858	0.9920457796609596	300660	14806.0
S52C595.fna	82.44646619477213	0.9986664776299444	0.0023045041882789	1721006.0	108.0	108.0	77	37.75948374751713	0.0289652713973998	0.9967431839284696	1.0	0.0021937142597647	0.9997510786107738	0.9998391046758164	2.699323304967643	False	9604.0	96.07205331112036	0.7441420120148854	0.9942567316956934	427.0	276.0	260.0	5788.0	517912	519995	0.9974720174012062	1051661	6048.0
S5C1113.fna	0.2184137835349318	0.0541328933291901	0.0030500419530418	1744226.0	66.0	52.0	0	2.112288506960403	0.0016054676757299	0.0133870266811754	0.1754020715179433	0.0004017593748637	0.98796573875803	0.9897216274089936		False	85.0	119.03529411764706	0.2558668171935999	1.0	281.0	240.0	236.0	111.0	1393	1576	0.982826541951186	3575	347.0
S8C2455.fna	0.0003362719517069	0.000117918822243		2459319.0	16.0	1.0	0	0.0312641187962374	1.994902057735427e-05	0.0	0.0002968840545618		0.0	0.0		False					0.0	0.0	0.0	0.0	3	3	0.9988505747126436	8	0.0
S9C3913.fna	0.5016994844350584	0.1631145082134414	0.0030626616126705	1250085.0	122.0	114.0	0	1.5434638980016075	0.0013941426621406	0.0331425463068511	0.3578932069146462	0.0	0.9896695710941082	0.9911418985783592		False					428.0	367.0	366.0	173.0	2292	2373	0.9846736769576688	4817	539.0
